日本語,英語,フランス語,ドイツ語,イタリア語,スペイン語,韓国語,中国語（簡）,中国語（繁）
ひかりのこな,Bright Powder,Poudre Claire*,Blendpuder,Luminpolvere,Polvo Brillo,반짝가루,光粉,
せんせいのツメ,Quick Claw,Vive Griffe,Flinkklaue,Rapidartigli,Garra Rápida,선제공격손톱,先制之爪,
おうじゃのしるし,King's Rock,Roche Royale,King-Stein,Roccia Di Re,Roca del Rey,왕의징표석,王者之证,王者之證
ぎんのこな,Silver Powder,Poudre Argentée*,Silberstaub,Argenpolvere,Polvo Plata,은빛가루,银粉,銀粉
おまもりこばん,Amulet Coin,Piece Rune,Münzamulett,Monetamuleto,Moneda Amuleto,부적금화,护符金币,護符金幣
きよめのおふだ,Cleanse Tag,Rune Purifiante*,Schutzband,Velopuro,Amuleto,순결의부적,洁净之符,潔淨之符
けむりだま,Smoke Ball,Boule Fumée,Rauchball,Palla Fumo,Bola Humo,연막탄,烟雾球,煙霧球
かわらずのいし,Everstone,Pierre Stase,Ewigstein,Pietrastante,Piedra Eterna*,변함없는돌,不变之石,不變之石
きあいのハチマキ,Focus Band,Bandeau,Fokus-Band,Bandana,Cinta Focus,기합의머리띠,气势头带,氣勢頭帶
しあわせタマゴ,Lucky Egg,Œuf Chance,Glücks-Ei,Fortunuovo,Huevo Suerte,행복의알,幸运蛋,幸運蛋
ピントレンズ,Scope Lens,Lentilscope,Scope-Linse,Mirino,Periscopio,초점렌즈,焦点镜,焦點鏡
メタルコート,Metal Coat,Peau Metal,Metallmantel,Metalcoperta,Revest. Metálico*,금속코트,金属膜,金屬膜
たべのこし,Leftovers,Restes,Überreste,Avanzi,Restos,먹다남은음식,吃剩的东西,吃剩的東西
りゅうのウロコ,Dragon Scale,Écaille Draco*,Drachenhaut,Squama Drago,Escamadragón,용의비늘,龙之鳞片,龍之鱗片
でんきだま,Light Ball,Ballelumiere,Kugelblitz,Elettropalla,Bolaluminosa,전기구슬,电气球,電氣球
やわらかいすな,Soft Sand,Sable Doux,Pudersand,Sabbia Soffice*,Arena Fina,부드러운모래,柔软沙子,柔軟沙子
かたいいし,Hard Stone,Pierre Dure,Granitstein,Pietradura,Piedra Dura,딱딱한돌,硬石头,硬石頭
きせきのタネ,Miracle Seed,Grain Miracle*,Wundersaat,Miracolseme,Semilla Milagro,기적의씨,奇迹种子,奇跡種子
くろいメガネ,Black Glasses,Lunettes Noires*,Schattenglas,Occhialineri,Gafas de Sol,검은안경,黑色眼镜,黑色眼鏡
くろおび,Black Belt,Ceinture Noire*,Schwarzgurt,Cinturanera,Cinturón Negro,검은띠,黑带,黑帶
じしゃく,Magnet,Aimant,Magnet,Calamita,Imán,자석,磁铁,磁鐵
しんぴのしずく,Mystic Water,Eau Mystique,Zauberwasser,Acqua Magica*,Agua Mística,신비의물방울,神秘水滴,
するどいくちばし,Sharp Beak,Bec Pointu,Hackattack,Beccaffilato,Pico Afilado,예리한부리,锐利鸟嘴,銳利鳥嘴
どくバリ,Poison Barb,Pic Venin,Giftstich,Velenago,Flecha Venenosa,독바늘,毒针,毒針
とけないこおり,Never-Melt Ice,Glace Éternelle*,Ewiges Eis,Gelomai,Antiderretir,녹지않는얼음,不融冰,
のろいのおふだ,Spell Tag,Rune Sort,Bannsticker,Spettrotarga,Hechizo,저주의부적,诅咒之符,詛咒之符
まがったスプーン,Twisted Spoon,Cuiller Tordue*,Krümmlöffel,Cucchiaio Torto*,Cuchara Torcida,휘어진스푼,弯曲的汤匙,彎曲的湯匙
もくたん,Charcoal,Charbon,Holzkohle,Carbonella,Carbón,목탄,木炭,
りゅうのキバ,Dragon Fang,Croc Dragon,Drachenzahn,Dentedidrago,Colmillo Dragón*,용의이빨,龙之牙,龍之牙
ピンクのリボン,Pink Bow,Ruban Rose,Rosa Band,Fiocco Rosa,Lazo Rosa,핑크빛리본,粉红色丝带,
みずたまリボン,Polkadot Bow,Ruban a Pois,Punkt-Band,Fiocco Pois,Cintalunares,물방울리본,水玉色之带,
アップグレード,Up-Grade,Améliorator,Up-Grade,Upgrade,Mejora,업그레이드,升级数据,升級資料
ラッキーパンチ,Lucky Punch,Poing Chance,Lucky Punch,Fortunpugno,Puño Suerte,럭키펀치,吉利拳,
メタルパウダー,Metal Powder,Poudre Metal,Metallstaub,Metalpolvere,Polvo Metálico,금속파우더,金属粉,金屬粉
ふといホネ,Thick Club,Masse Os,Kampfknochen,Ossospesso,Hueso Grueso,굵은뼈,粗骨头,粗骨頭
ながねぎ,Stick2-7Leek8,Baton2-7Poireau8,Lauchstange,Gambo,Palo2-7Puerro8,대파,大葱,大蔥
はかいのいでんし,Berserk Gene,ADN Berzerk,Berserk-Gen,Gene Furioso,Gen Loco,파괴의유전자,破坏基因,破壞基因
しろいハーブ,White Herb,Herbe Blanche*,Schlohkraut,Erbachiara,Hierba Blanca,하양허브,白色香草,
きょうせいギプス,Macho Brace,Bracelet Macho*,Machoband,Crescicappa,Brazal Firme*,교정깁스,强制锻炼器,強制鍛鍊器
やすらぎのすず,Soothe Bell,Grelot Zen,Sanftglocke,Calmanella,Campana Alivio,평온의방울,安抚之铃,安撫之鈴
メンタルハーブ,Mental Herb,Herbe Mental,Mentalkraut,Mentalerba,Hierba Mental,멘탈허브,心灵香草,心靈香草
こだわりハチマキ,Choice Band,Bandeau Choix*,Wahlband,Bendascelta,Cinta Elegida,구애머리띠,讲究头带,講究頭帶
こころのしずく,Soul Dew,Rosée Âme,Seelentau,Cuorugiada,Rocío Bondad,마음의물방울,心之水滴,
しんかいのキバ,Deep Sea Tooth,Dent Océan,Abysszahn,Dente Abissi*,Diente Marino,심해의이빨,深海之牙,
しんかいのウロコ,Deep Sea Scale,Écaille Océan*,Abyssplatte,Squamabissi,Escama Marina,심해의비늘,深海鳞片,深海鱗片
シルクのスカーフ,Silk Scarf,Mouchoir Soie*,Seidenschal,Sciarpa Seta*,Pañuelo Seda,실크스카프,丝绸围巾,絲綢圍巾
かいがらのすず,Shell Bell,Grelot Coque,Seegesang,Conchinella,Campana Concha,조개껍질방울,贝壳之铃,貝殼之鈴
うしおのおこう,Sea Incense,Encens Mer,Seerauch,Marearoma,Incienso Marino*,바닷물향로,海潮薰香,
のんきのおこう,Lax Incense,Encens Doux,Laxrauch,Distraroma,Incienso Suave*,무사태평항로,悠闲薰香,悠閒薰香
あかいバンダナ,Red Scarf,Foul. Rouge,Roter Schal,Fascia Rossa,Pañuelo Rojo,빨강밴드,红色头巾,紅色頭巾
あおいバンダナ,Blue Scarf,Foul. Bleu,Blauer Schal,Fascia Blu,Pañuelo Azul,파랑밴드,蓝色头巾,藍色頭巾
ピンクのバンダナ,Pink Scarf,Foul. Rose,Rosa Schal,Fascia Rosa,Pañuelo Rosa,분홍밴드,粉红头巾,粉紅頭巾
みどりのバンダナ,Green Scarf,Foul. Vert,Grüner Schal,Fascia Verde,Pañuelo Verde,초록밴드,绿色头巾,綠色頭巾
きいろのバンダナ,Yellow Scarf,Foul. Jaune,Gelber Schal,Fascia Gialla,Pañuelo Amarillo,노랑밴드,黄色头巾,黃色頭巾
べにいろのたま,Red Orb,Orbe Rouge,Rote Kugel,Sfera Rossa,Esfera Roja,주홍구슬,朱红色宝珠,朱紅色寶珠
あいいろのたま,Blue Orb,Orbe Bleu,Blaue Kugel,Sfera Blu,Esfera Azul,쪽빛구슬,靛蓝色宝珠,靛藍色寶珠
ひのたまプレート,Flame Plate,Plaque Flam,Feuertafel,Lastrarogo,Tabla Llama,불구슬플레이트,火球石板,
しずくプレート,Splash Plate,Plaque Hydro,Wassertafel,Lastraidro,Tabla Linfa,물방울플레이트,水滴石板,
いかずちプレート,Zap Plate,Plaque Volt,Blitztafel,Lastrasaetta,Tabla Trueno,우뢰플레이트,雷电石板,雷電石板
みどりのプレート,Meadow Plate,Plaque Herbe,Wiesentafel,Lastraprato,Tabla Pradal,초록플레이트,碧绿石板,碧綠石板
つららのプレート,Icicle Plate,Plaque Glace,Frosttafel,Lastragelo,Tabla Helada,고드름플레이트,冰柱石板,
こぶしのプレート,Fist Plate,Plaque Poing,Fausttafel,Lastrapugno,Tabla Fuerte,주먹플레이트,拳头石板,拳頭石板
もうどくプレート,Toxic Plate,Plaque Toxic,Gifttafel,Lastrafiele,Tabla Tóxica,맹독플레이트,剧毒石板,劇毒石板
だいちのプレート,Earth Plate,Plaque Terre,Erdtafel,Lastrageo,Tabla Terrax,대지플레이트,大地石板,
あおぞらプレート,Sky Plate,Plaque Ciel,Wolkentafel,Lastracielo,Tabla Cielo,푸른하늘플레이트,蓝天石板,藍天石板
ふしぎのプレート,Mind Plate,Plaque Esprit*,Hirntafel,Lastramente,Tabla Mental,이상한플레이트,神奇石板,
たまむしプレート,Insect Plate,Plaquinsect,Käfertafel,Lastrabaco,Tabla Bicho,비단벌레플레이트,玉虫石板,玉蟲石板
がんせきプレート,Stone Plate,Plaque Roc,Steintafel,Lastrapietra,Tabla Pétrea,암석플레이트,岩石石板,
もののけプレート,Spooky Plate,Plaque Fantô,Spuktafel,Lastratetra,Tabla Terror,원령플레이트,妖怪石板,
りゅうのプレート,Draco Plate,Plaque Draco,Dracotafel,Lastradrakon,Tabla Draco,용의플레이트,龙之石板,龍之石板
こわもてプレート,Dread Plate,Plaque Ombre,Furchttafel,Lastratimore,Tabla Oscura,공포플레이트,恶颜石板,惡顏石板
こうてつプレート,Iron Plate,Plaque Fer,Eisentafel,Lastraferro,Tabla Acero,강철플레이트,钢铁石板,鋼鐵石板
あやしいおこう,Odd Incense,Encens Bizarre*,Schrägrauch,Bizzoaroma,Incienso Raro*,괴상한향로,奇异薰香,奇異薰香
がんせきおこう,Rock Incense,Encens Roc,Steinrauch,Roccioaroma,Incienso Roca*,암석향로,岩石薰香,
まんぷくおこう,Full Incense,Encens Plein,Lahmrauch,Gonfioaroma,Incienso Lento*,만복향로,饱腹薰香,飽腹薰香
さざなみのおこう,Wave Incense,Encens Vague,Wellenrauch,Ondaroma,Incienso Aqua*,잔물결향로,涟漪薰香,漣漪薰香
おはなのおこう,Rose Incense,Encens Fleur,Rosenrauch,Rosaroma,Incienso Floral*,꽃향로,花朵薰香,
こううんのおこう,Luck Incense,Encens Veine,Glücksrauch,Fortunaroma,Incienso Duplo*,행운의향로,幸运薰香,幸運薰香
きよめのおこう,Pure Incense,Encens Pur,Scheuchrauch,Puroaroma,Incienso Puro*,순결의향로,洁净薰香,潔淨薰香
プロテクター,Protector,Protecteur,Schützer,Copertura,Protector,프로텍터,护具,護具
エレキブースター,Electirizer,Électiriseur,Stromisierer,Elettritore,Electrizador,에레키부스터,电力增幅器,電力增幅器
マグマブースター,Magmarizer,Magmariseur,Magmaisierer,Magmatore,Magmatizador,마그마부스터,熔岩增幅器,
あやしいパッチ,Dubious Disc,CD Douteux,Dubiosdisc,Dubbiodisco,Discoxtraño,괴상한패치,可疑补丁,可疑修正檔
れいかいのぬの,Reaper Cloth,Tissu Fauche,Düsterumhang,Terrorpanno,Tela Terrible*,영계의천,灵界之布,靈界之布
するどいツメ,Razor Claw,Griffe Rasoir,Scharfklaue,Affilartigli,Garra Afilada*,예리한손톱,锐利之爪,銳利之爪
するどいキバ,Razor Fang,Croc Rasoir,Scharfzahn,Affilodente,Colmillo Agudo*,예리한이빨,锐利之牙,銳利之牙
まんまるいし,Oval Stone,Pierre Ovale,Ovaler Stein,Pietraovale,Piedra Oval,동글동글돌,浑圆之石,渾圓之石
こんごうだま,Adamant Orb,Orbe Adamant,Adamant-Orb,Adamasfera,Diamansfera,금강옥,金刚宝珠,金剛寶珠
しらたま,Lustrous Orb,Orbe Perlé,Weiß-Orb,Splendisfera,Lustresfera,백옥,白玉宝珠,白玉寶珠
はっきんだま,Griseous Orb,Orbe Platiné,Platinum-Orb,Grigiosfera,Griseosfera,백금옥,白金宝珠,白金寶珠
こうかくレンズ,Wide Lens,Loupe,Großlinse,Grandelente,Lupa,광각렌즈,广角镜,廣角鏡
ちからのハチマキ,Muscle Band,Bandeau Muscle,Muskelband,Muscolbanda,Cinta Fuerte,힘의머리띠,力量头带,力量頭帶
きあいのタスキ,Focus Sash,Ceinture Force,Fokusgurt,Focalnastro,Banda Focus,기합의띠,气势披带,氣勢披帶
ものしりメガネ,Wise Glasses,Lunettes Sages*,Schlauglas,Saviocchiali,Gafas Especiales*,박식안경,博识眼镜,博識眼鏡
たつじんのおび,Expert Belt,Ceinture Pro,Expertengurt,Abilcintura,Cinta Xperto,달인의띠,达人带,達人帶
ひかりのねんど,Light Clay,Lumargile,Lichtlehm,Creta Luce,Refleluz,빛의점토,光之黏土,
いのちのたま,Life Orb,Orbe Vie,Leben-Orb,Assorbisfera,Vidasfera,생명의구슬,生命宝珠,生命寶珠
パワフルハーブ,Power Herb,Herbe Pouvoir*,Energiekraut,Vigorerba,Hierba Única,파워풀허브,强力香草,強力香草
どくどくだま,Toxic Orb,Orbe Toxique,Toxik-Orb,Tossicsfera,Toxisfera,맹독구슬,剧毒宝珠,劇毒寶珠
かえんだま,Flame Orb,Orbe Flamme,Heiß-Orb,Fiammosfera,Llamasfera,화염구슬,火焰宝珠,火焰寶珠
スピードパウダー,Quick Powder,Poudre Vite,Flottstaub,Velopolvere,Polvo Veloz,스피드파우더,速度粉,
フォーカスレンズ,Zoom Lens,Lentille Zoom,Zoomlinse,Zoomlente,Telescopio,포커스렌즈,对焦镜,對焦鏡
メトロノーム,Metronome,Métronome,Metronom,Plessimetro,Metrónomo,메트로놈,节拍器,節拍器
くろいてっきゅう,Iron Ball,Balle Fer,Eisenkugel,Ferropalla,Bola Férrea,검은철구,黑色铁球,黑色鐵球
こうこうのしっぽ,Lagging Tail,Ralentiqueue,Schwerschwf.,Rallentocoda,Cola Plúmbea,느림보꼬리,后攻之尾,後攻之尾
あかいいと,Destiny Knot,Nœud Destin,Fatumknoten,Destincomune,Lazo Destino,빨간실,红线,紅線
くろいヘドロ,Black Sludge,Boue Noire,Giftschleim,Fangopece,Lodo Negro,검은진흙,黑色污泥,
つめたいいわ,Icy Rock,Roche Glace,Eisbrocken,Rocciafredda,Roca Helada,차가운바위,冰冷岩石,
さらさらいわ,Smooth Rock,Roche Lisse,Glattbrocken,Roccialiscia,Roca Suave,보송보송바위,沙沙岩石,
あついいわ,Heat Rock,Roche Chaude,Heißbrocken,Rocciacalda,Roca Calor,뜨거운바위,炽热岩石,熾熱岩石
しめったいわ,Damp Rock,Roche Humide,Nassbrocken,Rocciaumida,Roca Lluvia,축축한바위,潮湿岩石,潮濕岩石
ねばりのかぎづめ,Grip Claw,Accro Griffe,Griffklaue,Presartigli,Garra Garfio,끈기갈고리손톱,紧缠钩爪,緊纏鈎爪
こだわりスカーフ,Choice Scarf,Mouchoir Choix*,Wahlschal,Stolascelta,Pañuelo Elegido*,구애스카프,讲究围巾,講究圍巾
くっつきバリ,Sticky Barb,Piquants,Klettdorn,Vischiopunta,Toxiestrella,끈적끈적바늘,附着针,附著針
パワーリスト,Power Bracer,Poignée Pouvoir*,Machtreif,Vigorcerchio,Brazal Recio,파워리스트,力量护腕,力量護腕
パワーベルト,Power Belt,Ceinture Pouvoir*,Machtgurt,Vigorfascia,Cinto Recio,파워벨트,力量腰带,力量腰帶
パワーレンズ,Power Lens,Lentille Pouvoir*,Machtlinse,Vigorlente,Lente Recia,파워렌즈,力量镜,力量鏡
パワーバンド,Power Band,Bandeau Pouvoir*,Machtband,Vigorbanda,Banda Recia,파워밴드,力量束带,力量束帶
パワーアンクル,Power Anklet,Chaîne Pouvoir*,Machtkette,Vigorgliera,Franja Recia,파워앵클릿,力量护踝,力量護踝
パワーウエイト,Power Weight,Poids Pouvoir*,Machtgewicht,Vigorpeso,Pesa Recia,파워웨이트,力量负重,力量負重
きれいなぬけがら,Shed Shell,Carapace Mue,Wechselhülle,Disfoguscio,Muda Concha,아름다운허물,美丽空壳,美麗空殼
おおきなねっこ,Big Root,Grosse Racine*,Großwurzel,Granradice,Raíz Grande,큰뿌리,大根茎,大根莖
こだわりメガネ,Choice Specs,Lunettes Choix*,Wahlglas,Lentiscelta,Gafas Elegid,구애안경,讲究眼镜,講究眼鏡
アクアカセット,Douse Drive,Module Aqua,Aquamodul,Idromodulo,HidroROM,아쿠아카세트,水流卡带,水流卡帶
イナズマカセット,Shock Drive,Module Choc,Blitzmodul,Voltmodulo,FulgoROM,번개카세트,闪电卡带,閃電卡帶
ブレイズカセット,Burn Drive,Module Pyro,Flammenmodul,Piromodulo,PiroROM,블레이즈카세트,火焰卡带,火焰卡帶
フリーズカセット,Chill Drive,Module Cryo,Gefriermodul,Gelomodulo,CrioROM,프리즈카세트,冰冻卡带,冰凍卡帶
きれいなウロコ,Prism Scale,Bel'Écaille,Schönschuppe,Squama Bella,Escama Bella,고운비늘,美丽鳞片,美麗鱗片
しんかのきせき,Eviolite,Évoluroc,Evolith,Evolcondensa,Mineral Evol,진화의 휘석,进化奇石,進化奇石
かるいし,Float Stone,Pierrallégée,Leichtstein,Pietralieve,Piedra Pómez,가벼운돌,轻石,輕石
ゴツゴツメット,Rocky Helmet,Casque Brut,Beulenhelm,Bitorzolelmo,Casco Dentado*,울퉁불퉁멧,凸凸头盔,凸凸頭盔
ふうせん,Air Balloon,Ballon,Luftballon,Palloncino,Globo Helio,풍선,气球,氣球
レッドカード,Red Card,Carton Rouge,Rote Karte,Cartelrosso,Tarjeta Roja,레드카드,红牌,紅牌
ねらいのまと,Ring Target,Point de Mire*,Zielscheibe,Facilsaglio,Blanco,겨냥표적,标靶,標靶
しめつけバンド,Binding Band,Bande Étreinte*,Klammerband,Legafascia,Banda Atadura*,조임밴드,紧绑束带,緊綁束帶
きゅうこん,Absorb Bulb,Bulbe,Knolle,Bulbo,Tubérculo,구근,球根,
じゅうでんち,Cell Battery,Pile,Akku,Ricaripila,Pila,충전지,充电电池,充電電池
だっしゅつボタン,Eject Button,Bouton Fuite,Fluchtknopf,Pulsantefuga,Botón Escape,탈출버튼,逃脱按键,逃脫按鍵
ほのおのジュエル,Fire Gem,Joyau Feu,Feuerjuwel,Bijoufuoco,G. Fuego,불꽃주얼,火之宝石,火之寶石
みずのジュエル,Water Gem,Joyau Eau,Wasserjuwel,Bijouacqua,G. Agua,물주얼,水之宝石,水之寶石
でんきのジュエル,Electric Gem,Joyau Électr,Elektrojuwel,Bijouelettro,G. Eléctrica,전기주얼,电之宝石,電之寶石
くさのジュエル,Grass Gem,Joyau Plante,Pflanzjuwel,Bijouerba,G. Planta,풀주얼,草之宝石,草之寶石
こおりのジュエル,Ice Gem,Joyau Glace,Eisjuwel,Bijoughiac.,G. Hielo,얼음주얼,冰之宝石,冰之寶石
かくとうジュエル,Fighting Gem,Joyau Combat,Kampfjuwel,Bijoulotta,G. Lucha,격투주얼,格斗宝石,格鬥寶石
どくのジュエル,Poison Gem,Joyau Poison,Giftjuwel,Bijouveleno,G. Veneno,독주얼,毒之宝石,毒之寶石
じめんのジュエル,Ground Gem,Joyau Sol,Bodenjuwel,Bijouterra,G. Tierra,땅주얼,地面宝石,地面寶石
ひこうのジュエル,Flying Gem,Joyau Vol,Flugjuwel,Bijouvolante,G. Voladora,비행주얼,飞行宝石,飛行寶石
エスパージュエル,Psychic Gem,Joyau Psy,Psychojuwel,Bijoupsico,G. Psíquica,에스퍼주얼,超能力宝石,超能力寶石
むしのジュエル,Bug Gem,Joyau Insect,Käferjuwel,Bijoucoleot.,G. Bicho,벌레주얼,虫之宝石,蟲之寶石
いわのジュエル,Rock Gem,Joyau Roche,Gesteinjuwel,Bijouroccia,G. Roca,바위주얼,岩石宝石,岩石寶石
ゴーストジュエル,Ghost Gem,Joyau Spectr,Geistjuwel,Bijouspettro,G. Fantasma,고스트주얼,幽灵宝石,幽靈寶石
ドラゴンジュエル,Dragon Gem,Joyau Dragon,Drakojuwel,Bijoudrago,G. Dragón,드래곤주얼,龙之宝石,龍之寶石
あくのジュエル,Dark Gem,Joyau Ténèbr,Unlichtjuwel,Bijoubuio,G. Siniestra,악주얼,恶之宝石,惡之寶石
はがねのジュエル,Steel Gem,Joyau Acier,Stahljuwel,Bijouacciaio,G. Acero,강철주얼,钢之宝石,鋼之寶石
ノーマルジュエル,Normal Gem,Joyau Normal,Normaljuwel,Bijounormale,Gema Normal*,노말주얼,一般宝石,一般寶石
じゃくてんほけん,Weakness Policy,Vulné-Assurance,Schwächenschutz,Vulneropolizza,Seguro Debilidad,약점보험,弱点保险,弱點保險
とつげきチョッキ,Assault Vest,Veste de Combat,Offensivweste,Corpetto Assalto,Chaleco Asalto,돌격조끼,突击背心,突擊背心
せいれいプレート,Pixie Plate,Plaque Pixie,Feentafel,Lastraspiritello,Tabla Duende,정령플레이트,妖精石板,
ホイップポップ,Whipped Dream,Chantibonbon,Sahnehäubchen,Dolcespuma,Dulce de Nata,휘핑팝,泡沫奶油,
においぶくろ,Sachet,Sachet Senteur,Duftbeutel,Bustina Aromi,Saquito Fragante,향기주머니,香袋,
ひかりごけ,Luminous Moss,Lichen Lumineux,Leuchtmoos,Muschioluce,Musgo Brillante,빛이끼,光苔,
ゆきだま,Snowball,Boule de Neige,Schneeball,Palla di Neve,Bola de Nieve,눈덩이,雪球,
ぼうじんゴーグル,Safety Goggles,Lunettes Filtre,Schutzbrille,Visierantisabbia,Gafa Protectora,방진고글,防尘护目镜,防塵護目鏡
ファイヤーメモリ,Fire Memory,ROM Feu,Feuer-Disc,ROM Fuoco,Disco Fuego,파이어메모리,火焰存储碟,火焰記憶碟
ウオーターメモリ,Water Memory,ROM Eau,Wasser-Disc,ROM Acqua,Disco Agua,워터메모리,清水存储碟,清水記憶碟
グラスメモリ,Grass Memory,ROM Plante,Pflanzen-Disc,ROM Erba,Disco Planta,그래스메모리,青草存储碟,青草記憶碟
エレクトロメモリ,Electric Memory,ROM Électrik,Elektro-Disc,ROM Elettro,Disco Eléctrico,일렉트릭메모리,电子存储碟,電子記憶碟
アイスメモリ,Ice Memory,ROM Glace,Eis-Disc,ROM Ghiaccio,Disco Hielo,아이메모리,冰雪存储碟,冰雪記憶碟
ファイトメモリ,Fighting Memory,ROM Combat,Kampf-Disc,ROM Lotta,Disco Lucha,파이팅메모리,战斗存储碟,戰鬥記憶碟
ポイズンメモリ,Poison Memory,ROM Poison,Gift-Disc,ROM Veleno,Disco Veneno,포이즌메모리,毒存储碟,毒記憶碟
グラウンドメモリ,Ground Memory,ROM Sol,Boden-Disc,ROM Terra,Disco Tierra,그라운드메모리,大地存储碟,大地記憶碟
フライングメモリ,Flying Memory,ROM Vol,Flug-Disc,ROM Volante,Disco Volador,플라잉메모리,飞翔存储碟,飛翔記憶碟
サイキックメモリ,Psychic Memory,ROM Psy,Psycho-Disc,ROM Psico,Disco Psíquico,사이킥메모리,精神存储碟,精神記憶碟
バグメモリ,Bug Memory,ROM Insecte,Käfer-Disc,ROM Coleottero,Disco Bicho,버그메모리,虫子存储碟,蟲子記憶碟
ロックメモリ,Rock Memory,ROM Roche,Gesteins-Disc,ROM Roccia,Disco Roca,락메모리,岩石存储碟,岩石記憶碟
ゴーストメモリ,Ghost Memory,ROM Spectre,Geister-Disc,ROM Spettro,Disco Fantasma,고스트메모리,幽灵存储碟,幽靈記憶碟
ドラゴンメモリ,Dragon Memory,ROM Dragon,Drachen-Disc,ROM Drago,Disco Dragón,드래곤메모리,龙存储碟,龍記憶碟
ダークメモリ,Dark Memory,ROM Ténèbres,Unlicht-Disc,ROM Buio,Disco Siniestro,다크모리,黑暗存储碟,黑暗記憶碟
スチールメモリ,Steel Memory,ROM Acier,Stahl-Disc,ROM Acciaio,Disco Acero,스틸메모리,钢铁存储碟,鋼鐵記憶碟
フェアリーメモリ,Fairy Memory,ROM Fée,Feen-Disc,ROM Folletto,Disco Hada,페어리메모리,妖精存储碟,妖精記憶碟
エレキシード,Electric Seed,Graine Électrik,Elektro-Samen,Elettroseme,Semilla Electro,일렉트릭시드,電氣种子,電氣種子
グラスシード,Grassy Seed,Graine Herbe,Gras-Samen,Erbaseme,Semilla Hierba,그래스시드,青草种子,青草種子
ミストシード,Misty Seed,Graine Brume,Nebel-Samen,Nebbiaseme,Semilla Bruma,미스트시드,薄雾种子,薄霧種子
サイコシード,Psychic Seed,Graine Psycho,Psycho-Samen,Psicoseme,Semilla Psique,사이코시드,精神种子,精神種子
グランドコート,Terrain Extender,Champ’Duit,Feldbeschichtung,Fissacampo,Cubresuelos,그라운드코트,大地膜,
ぼうごパット,Protective Pads,Pare-Effet,Schutzpolster,Smorzaurti,Paracontacto,방호패드,部位护具,部位護具
ルームサービス,Room Service,Chariot Distordu,Bizarroservice,Distorservizio,Servicio Raro,룸서비스,客房服务,客房服務
だっしゅつパック,Eject Pack,Sac Fuite,Fluchttasche,Zainofuga,Mochila Escape,탈출팩,避难背包,避難背包
あつぞこブーツ,Heavy-Duty Boots,Grosses Bottes,Plateauschuhe,Scarponi robusti,Botas Gruesas,통굽부츠,厚底靴,厚底靴
からぶりほけん,Blunder Policy,Assurance Échec,Fehlschlagschutz,Fiascopolizza,Seguro Fallo,허탕보험,打空保险,打空保險
のどスプレー,Throat Spray,Spray Gorge,Halsspray,Spray gola,Espray Bucal,목스프레이,爽喉喷雾,爽喉噴霧
ばんのうがさ,Utility Umbrella,Parapluie Solide,Allzweckschirm,Superombrello,Parasol Multiuso,만능우산,万能伞,萬能傘
くちたけん,Rusted Sword,Épée Rouillée,Rostiges Schwert,Spada rovinata,Espada Oxidada,녹슨검,腐朽的剑,腐朽的劍
くちたたて,Rusted Shield,Bouclier Rouillé,Rostiger Schild,Scudo rovinato,Escudo Oxidado,녹슨방패,腐朽的盾,腐朽的盾
いかさまダイス,Loaded Dice,Dé Pipé,Gezinkter Würfel,Dado truccato,Dado Trucado,속임수주사위,机变骰子,老千骰子
おんみつマント,Covert Cloak,Cape Obscure,Tarnumhang,Anonimanto,Capa Furtiva,은밀망토,密探斗篷,密探斗篷
クリアチャーム,Clear Amulet,Talisman Sain,Neutralschmuck,Ciondolochiaro,Amuleto Puro,클리어참,清净坠饰,清淨墜飾
とくせいガード,Ability Shield,Garde-Talent,Fähigkeitenschild,Scudo abilità,Escudo Habilidad,특성가드,特性护具,特性護具
パンチグローブ,Punching Glove,Gant de Boxe,Boxhandschuh,Guantone,Guante de Boxeo,펀치글러브,拳击手套,拳擊手套
ブーストエナジー,Booster Energy,Énergie Booster,Energiekapsel,Capsula energetica,Energía Potenciadora,부스트에너지,驱劲能量,驅勁能量
ものまねハーブ,Mirror Herb,Feuille Copieuse,Kopierkraut,Foglia carbone,Hierba Copia,흉내허브,模仿香草,模仿香草
だいこんごうだま,Adamant Crystal,Globe Adamant,Adamantkristall,Adamasferoide,Gran Diamansfera,큰금강옥,大金刚宝玉,大金剛寶玉
だいしらたま,Lustrous Globe,Globe Perlé,Weißkristall,Splendisferoide,Gran Lustresfera,큰백옥,大白宝玉,大白寶玉
だいはっきんだま,Griseous Core,Globe Platiné,Platinumkristall,Grigiosferoide,Gran Griseosfera,큰백금옥,大白金宝玉,大白金寶玉
ようせいのハネ,Fairy Feather,Plume Enchantée,Feendaune,Piuma fatata,Pluma Feérica,요정의깃털,妖精之羽,妖精之羽
いどのめん,Wellspring Mask,Masque du Puits,Brunnenmaske,Maschera Pozzo,Máscara Fuente,우물의가면,水井面具,水井面具
かまどのめん,Hearthflame Mask,Masque du Fourneau,Ofenmaske,Maschera Focolare,Máscara Horno,화덕의가면,火灶面具,火灶面具
いしずえのめん,Cornerstone Mask,Masque de la Pierre,Fundamentmaske,Maschera Fondamenta,Máscara Cimiento,주춧돌의가면,础石面具,礎石面具
モンスターボール,Poké Ball,Poké Ball,Pokéball,Poké Ball,Poké Ball,몬스터볼,精灵球,精靈球
スーパーボール,Great Ball,Super Ball,Superball,Mega Ball,Superball*,수퍼볼,超级球,超級球
ハイパーボール,Ultra Ball,Hyper Ball,Hyperball,Ultra Ball,Ultraball*,하이퍼볼,高级球,高級球
マスターボール,Master Ball,Master Ball,Meisterball,Master Ball,Master Ball,마스터볼,大师球,大師球
サファリボール,Safari Ball,Safari Ball,Safariball,Safari Ball,Safari Ball,사파리볼,狩猎球,狩獵球
ヘビーボール,Heavy Ball,Masse Ball,Schwerball,Peso Ball,Peso Ball,헤비볼,沉重球,沉重球
レベルボール,Level Ball,Niveau Ball,Levelball,Level Ball,Nivel Ball,레벨볼,等级球,等級球
ルアーボール,Lure Ball,Appat Ball,Köderball,Esca Ball,Cebo Ball,루어볼,诱饵球,誘餌球
スピードボール,Fast Ball,Speed Ball,Turboball,Rapid Ball,Rapid Ball,스피드볼,速度球,
フレンドボール,Friend Ball,Copain Ball,Freundesball,Friend Ball,Amigo Ball,프랜드볼,友友球,
ムーンボール,Moon Ball,Lune Ball,Mondball,Luna Ball,Luna Ball,문볼,月亮球,
ラブラブボール,Love Ball,Love Ball,Sympaball,Love Ball,Amor Ball,러브러브볼,甜蜜球,
コンペボール,Sport Ball,Compét'Ball,Turnierball,Gara Ball,Competi Ball,콤페볼,竞赛球,競賽球
ネットボール,Net Ball,Filet Ball,Netzball,Rete Ball,Malla Ball,넷트볼,捕网球,捕網球
ダイブボール,Dive Ball,Scuba Ball,Tauchball,Sub Ball,Buceo Ball,다이브볼,潜水球,潛水球
ネストボール,Nest Ball,Faiblo Ball,Nestball,Minor Ball,Nido Ball,네스트볼,巢穴球,
リピートボール,Repeat Ball,Bis Ball,Wiederball,Bis Ball,Acopio Ball,리피드볼,重复球,重複球
タイマーボール,Timer Ball,Chrono Ball,Timerball,Timer Ball,Turno Ball,타이마볼,计时球,計時球
ゴージャスボール,Luxury Ball,Luxe Ball,Luxusball,Chich Ball,Lujo Ball,럭셔리볼,豪华球,豪華球
プレミアボール,Premier Ball,Honor Ball,Premierball,Premier Ball,Honor Ball,프레미어볼,纪念球,紀念球
ヒールボール,Heal Ball,Soin Ball,Heilball,Cura Ball,Sana Ball,힐볼,治愈球,治癒球
ダークボール,Dusk Ball,Sombre Ball,Finsterball,Scuro Ball,Ocaso Ball,다크볼,黑暗球,
クイックボール,Quick Ball,Rapide Ball,Flottball,Velox Ball,Veloz Ball,퀵볼,先机球,先機球
パークボール,Park Ball,Parc Ball,Parkball,Parco Ball,Parque Ball,파크볼,,
プレシャスボール,Cherish Ball,Mémoire Ball,Jubelball,Pregio Ball,Gloria Ball,프레셔스볼,贵重球,貴重球
ドリームボール,Dream Ball,Rêve Ball,Traumball,Dream Ball,Ensueño Ball,드림볼,梦境球,夢境球
ウルトラボール,Beast Ball,Ultra Ball,Ultraball,UC Ball,Ente Ball,울트라볼,究极球,究極球
メガトンボール,Leaden Ball,Mégamasse Ball,Zentnerball,Megaton Ball,Kilo Ball,메가톤볼,超重球,超重球
ギガトンボール,Gigaton Ball,Gigamasse Ball,Tonnenball,Gigaton Ball,Quintal Ball,기가톤볼,巨重球,巨重球
フェザーボール,Feather Ball,Plume Ball,Federball,Piuma Ball,Pluma Ball,페더볼,飞羽球,飛羽球
ウイングボール,Wing Ball,Envol Ball,Flügelball,Wing Ball,Ala Ball,윙볼,飞翼球,飛翼球
ジェットボール,Jet Ball,Propulse Ball,Düsenball,Jet Ball,Aero Ball,제트볼,飞梭球,飛梭球
たいようのいし,Sun Stone,Pierre Soleil,Sonnenstein,Pietrasolare,Piedra Solar,태양의돌,日之石,
つきのいし,Moon Stone,Pierre Lune,Mondstein,Pietralunare,Piedra Lunar,달의돌,月之石,
ほのおのいし,Fire Stone,Pierre Feu,Feuerstein,Pietrafocaia,Piedra Fuego,불꽃의돌,火之石,
かみなりのいし,Thunder Stone,Pierre Foudre,Donnerstein,Pietratuono,Piedra Trueno,천둥의돌,雷之石,
みずのいし,Water Stone,Pierre Eau,Wasserstein,Pietraidrica,Piedra Agua,물의돌,水之石,
リーフのいし,Leaf Stone,Pierre Plante,Blattstein,Pietrafoglia,Piedra Hoja,리프의돌,叶之石,葉之石
ひかりのいし,Shiny Stone,Pierre Éclat,Leuchtstein,Pietrabrillo,Piedra Día,빛의돌,光之石,
やみのいし,Dusk Stone,Pierre Nuit,Finsterstein,Neropietra,Piedra Noche,어둠의돌,暗之石,
めざめいし,Dawn Stone,Pierre Aube,Funkelstein,Pietralbore,Piedra Alba,각성의돌,觉醒之石,覺醒之石
こおりのいし,Ice Stone,Pierre Glace,Eisstein,Pietragelo,Piedra Hielo,얼음의돌,冰之石,
すっぱいりんご,Tart Apple,Pomme Acidulée,Saurer Apfel,Aspropomo,Manzana Ácida,새콤한사과,酸酸苹果,酸酸蘋果
あまーいりんご,Sweet Apple,Pomme Sucrée,Süßer Apfel,Dolcepomo,Manzana Dulce,달콤한사과,甜甜苹果,甜甜蘋果
われたポット,Cracked Pot,Théière Fêlée,Rissige Kanne,Teiera rotta,Tetera agrietada,깨진포트,破裂的茶壶,破裂的茶壺
かけたポット,Chipped Pot,Théière Ébréchée,Löchrige Kanne,Teiera crepata,Tetera Rota,이빠진포트,缺损的茶壶,缺損的茶壺
ガラナツブレス,Galarica Cuff,Bracelet Galanoa,Galarnuss-Reif,Fascia Galarnoce,Brazal Galanuez,가라두구팔찌,伽勒豆蔻手环,伽勒荳蔻手環
ガラナツリース,Galarica Wreath,Couronne Galanoa,Galarnuss-Kranz,Corona Galarnoce,Corona Galanuez,가라두구머리장식,伽勒豆蔻花圈,伽勒荳蔻花圈
いちごアメざいく,Strawberry Sweet,Fraise en Sucre,Zucker-Erdbeere,Bonbonfragola,Confite Fresa,딸기사탕공예,草莓糖饰,草莓糖飾
ハートアメざいく,Love Sweet,Cœur en Sucre,Zucker-Herz,Bonboncuore,Confite Corazón,하트사탕공예,爱心糖饰,愛心糖飾
ベリーアメざいく,Berry Sweet,Baie en Sucre,Zucker-Beere,Bonbonbosco,Confite Fruto,베리사탕공예,野莓糖饰,野莓糖飾
よつばアメざいく,Clover Sweet,Trèfle en Sucre,Zucker-Kleeblatt,Bonbonfoglio,Confite Trébol,네잎사탕공예,幸运草糖饰,幸運草糖飾
おはなアメざいく,Flower Sweet,Fleur en Sucre en Sucre,Zucker-Blume,Bonbonfiore,Confite Flor,꽃사탕공예,花朵糖饰,花朵糖飾
スターアメざいく,Star Sweet,Étoile en Sucre,Zucker-Stern,Bonbonstella,Confite Estrella,스타사탕공예,星星糖饰,星星糖飾
リボンアメざいく,Ribbon Sweet,Ruban en Sucre,Zucker-Schleife,Bonbonfiocco,Confite Lazo,리본사탕공예,蝴蝶结糖饰,蝴蝶結糖飾
つながりのヒモ,Linking Cord,Fil de Liaison,Verbindungsschnur,Filo dell'unione,Cordón Unión,연결의끈,联系绳,聯繫绳
くろのきせき,Black Augurite,Obsidienne,Schwarzaugit,Augite nera,Mineral Negro,검은휘석,黑奇石,黑奇石
ピートブロック,Peat Block,Bloc de Tourbe,Torfblock,Blocco di torba,Bloque de Turba,피트블록,泥炭块,泥炭塊
イワイノヨロイ,Auspicious Armor,Armure de la Fortune,Glorienrüstung,Armatura fausta,Armadura Auspiciosa,축복받은갑옷,庆祝之铠,慶祝之鎧
ノロイノヨロイ,Malicious Armor,Armure de la Rancune,Fluchrüstung,Armatura infausta,Armadura Maldita,저주받은갑옷,咒术之铠,詛咒之鎧
みついりりんご,Syrupy Apple,Pomme Nectar,Saftiger Apfel,Sciroppomo,Manzana melosa,꿀맛사과,蜜汁苹果,蜜汁蘋果
ボンサクのちゃわん,Unremarkable Teacup,Bol Médiocre,Simple Teeschale,Tazza dozzinale,Cuenco Mediocre,범작찻잔,凡作茶碗,凡作茶碗
ケッサクのちゃわん,Masterpiece Teacup,Bol Exceptionnel,Edle Teeschale,Tazza eccezionale,Cuenco Exquisito,걸작찻잔,杰作茶碗,傑作茶碗
ふくごうきんぞく,Metal Alloy,Métal Composite,Legierungsmetall,Metallo composito,Metal Compuesto,복합금속,复合金属,複合金屬
フシギバナイト,Venusaurite,Florizarrite,Bisaflornit,Venusaurite,Venusaurita,이상해꽃나이트,妙蛙花进化石,妙蛙花進化石
リザードナイトX,Charizardite X,Dracaufite X,Gluraknit X,Charizardite X,Charizardita X,리자몽나이트X,喷火龙进化石X,噴火龍進化石Ｘ
リザードナイトY,Charizardite Y,Dracaufite Y,Gluraknit Y,Charizardite Y,Charizardita Y,리자몽나이트Y,喷火龙进化石Y,噴火龍進化石Ｙ
カメックスナイト,Blastoisinite,Tortankite,Turtoknit,Blastoisite,Blastoisita,거북왕나이트,水箭龟进化石,水箭龜進化石
フーディナイト,Alakazite,Alakazamite,Simsalanit,Alakazamite,Alakazamita,후디나이트,胡地进化石,胡地進化石
ゲンガナイト,Gengarite,Ectoplasmite,Gengarnit,Gengarite,Gengarita,팬텀나이트,耿鬼进化石,耿鬼進化石
ガルーラナイト,Kangaskhanite,Kangourexite,Kangamanit,Kangaskhanite,Kangaskhanita,캥카나이트,袋兽进化石,袋獸進化石
カイロスナイト,Pinsirite,Scarabruite,Pinsirnit,Pinsirite,Pinsirita,쁘사이저나이트,凯罗斯进化石,凱羅斯進化石
ギャラドスナイト,Gyaradosite,Léviatorite,Garadosnit,Gyaradosite,Gyaradosita,갸라도스나이트,暴鲤龙进化石,暴鯉龍進化石
プテラナイト,Aerodactylite,Ptéraïte,Aerodactylonit,Aerodactylite,Aerodactylita,프테라나이트,化石翼龙进化石,化石翼龍進化石
ミュウツナイトX,Mewtwonite X,Mewtwoïte X,Mewtunit X,Mewtwoite X,Mewtwoita X,뮤츠나이트X,超梦进化石X,超夢進化石Ｘ
ミュウツナイトY,Mewtwonite Y,Mewtwoïte Y,Mewtunit Y,Mewtwoite Y,Mewtwoita Y,뮤츠나이트Y,超梦进化石Y,超夢進化石Ｙ
デンリュウナイト,Ampharosite,Pharampite,Ampharosnit,Ampharosite,Ampharosita,전룡나이트,电龙进化石,電龍進化石
ハッサムナイト,Scizorite,Cizayoxite,Scheroxnit,Scizorite,Scizorita,핫삼나이트,巨钳螳螂进化石,巨鉗螳螂進化石
ヘラクロスナイト,Heracronite,Scarhinoïte,Skarabornit,Heracrossite,Heracrossita,헤라크로스나이트,赫拉克罗斯进化石,赫拉克羅斯進化石
ヘルガナイト,Houndoominite,Démolossite,Hundemonit,Houndoomite,Houndoomita,헬가나이트,黑鲁加进化石,黑魯加進化石
バンギラスナイト,Tyranitarite,Tyranocivite,Despotarnit,Tyranitarite,Tyranitarita,마기라스나이트,班基拉斯进化石,班基拉斯進化石
バシャーモナイト,Blazikenite,Braségalite,Lohgocknit,Blazikenite,Blazikenita,번치코나이트,火焰鸡进化石,火焰雞進化石
サーナイトナイト,Gardevoirite,Gardevoirite,Guardevoirnit,Gardevoirite,Gardevoirita,가디안나이트,沙奈朵进化石,沙奈朵進化石
クチートナイト,Mawilite,Mysdibulite,Flunkifernit,Mawilite,Mawilita,입치트나이트,大嘴娃进化石,大嘴娃進化石
ボスゴドラナイト,Aggronite,Galekingite,Stollossnit,Aggronite,Aggronita,보스로라나이트,波士可多拉进化石,波士可多拉進化石
チャーレムナイト,Medichamite,Charminite,Meditalisnit,Medichamite,Medichamita,요가램나이트,恰雷姆进化石,恰雷姆進化石
ライボルトナイト,Manectite,Élecsprintite,Voltensonit,Manectricite,Manectricita,썬더볼트나이트,雷电兽进化石,雷電獸進化石
ジュペッタナイト,Banettite,Branettite,Banetteonit,Banettite,Banettita,다크펫나이트,诅咒娃娃进化石,詛咒娃娃進化石
アブソルナイト,Absolite,Absolite,Absolnit,Absolite,Absolita,앱솔나이트,阿勃梭鲁进化石,阿勃梭魯進化石
ラティアスナイト,Latiasite,Latiasite,Latiasnit,Latiasite,Latiasita,라티아스나이트,拉帝亚斯进化石,拉帝亞斯進化石
ラティオスナイト,Latiosite,Latiosite,Latiosnit,Latiosite,Latiosita,라티오스나이트,拉帝欧斯进化石,拉帝歐斯進化石
ガブリアスナイト,Garchompite,Carchacrokite,Knakracknit,Garchompite,Garchompita,한카리아스나이트,烈咬陆鲨进化石,烈咬陸鯊進化石
ルカリオナイト,Lucarionite,Lucarite,Lucarionit,Lucarite,Lucarita,루카리오나이트,路卡利欧进化石,路卡利歐進化石
ユキノオナイト,Abomasite,Blizzarite,Rexblisarnit,Abomasnowite,Abomasnowita,눈설왕나이트,暴雪王进化石,暴雪王進化石
スピアナイト,Beedrillite,Dardargnite,Bibornit,Beedrillite,Beedrillita,독침붕나이트,大针蜂进化石,大針蜂進化石
ピジョットナイト,Pidgeotite,Roucarnagite,Taubossnit,Pidgeotite,Pidgeotita,피죤투나이트,大比鸟进化石,大比鳥進化石
ヤドランナイト,Slowbronite,Flagadossite,Lahmusnit,Slowbroite,Slowbronita,야도란나이트,呆壳兽进化石,呆殼獸進化石
ハガネールナイト,Steelixite,Steelixite,Stahlosnit,Steelixite,Steelixita,강철톤나이트,大钢蛇进化石,大鋼蛇進化石
ジュカインナイト,Sceptilite,Jungkite,Gewaldronit,Sceptilite,Sceptilita,나무킹나이트,蜥蜴王进化石,蜥蜴王進化石
ラグラージナイト,Swampertite,Laggronite,Sumpexnit,Swampertite,Swampertita,대짱이나이트,巨沼怪进化石,巨沼怪進化石
ヤミラミナイト,Sablenite,Ténéfixite,Zobirisnit,Sableyite,Sableynita,깜까미나이트,勾魂眼进化石,勾魂眼進化石
サメハダナイト,Sharpedonite,Sharpedite,Tohaidonit,Sharpedite,Sharpedonita,샤크니아나이트,巨牙鲨进化石,巨牙鯊進化石
バクーダナイト,Cameruptite,Caméruptite,Cameruptnit,Cameruptite,Cameruptita,폭타나이트,喷火驼进化石,噴火駝進化石
チルタリスナイト,Altarianite,Altarite,Altarianit,Altarite,Altarianita,파비코리나이트,七夕青鸟进化石,七夕青鳥進化石
オニゴーリナイト,Glalitite,Oniglalite,Firnontornit,Glalite,Glalita,얼음귀신나이트,冰鬼护进化石,冰鬼護進化石
ボーマンダナイト,Salamencite,Drattakite,Brutalandanit,Salamencite,Salamencita,보만다나이트,暴飞龙进化石,暴飛龍進化石
メタグロスナイト,Metagrossite,Métalossite,Metagrossnit,Metagrossite,Metagrossita,메타그로스나이트,巨金怪进化石,巨金怪進化石
ミミロップナイト,Lopunnite,Lockpinite,Schlapornit,Lopunnite,Lopunnita,이어롭나이트,长耳兔进化石,長耳兔進化石
エルレイドナイト,Galladite,Gallamite,Galagladinit,Galladite,Galladita,엘레이드나이트,艾路雷朵进化石,艾路雷朵進化石
タブンネナイト,Audinite,Nanméouïte,Ohrdochnit,Audinite,Audinita,다부니나이트,差不多娃娃进化石,差不多娃娃進化石
ディアンシナイト,Diancite,Diancite,Diancienit,Diancite,Diancita,디안시나이트,蒂安希进化石,蒂安希進化石
ピクシナイト,Clefablite,Mélodelfite,Pixinit,Clefablite,Clefablita,픽시나이트,皮可西进化石,皮可西進化石
ウツボットナイト,Victreebelite,Empiflorite,Sarzenianit,Victreebelite,Victreebelita,우츠보트나이트,大食花进化石,大食花進化石
スターミナイト,Starminite,Starossite,Starmienit,Starmite,Starmita,아쿠스타나이트,宝石海星进化石,寶石海星進化石
カイリュナイト,Dragoninite,Dracolossite,Dragoranit,Dragonitite,Dragonitita,망나뇽나이트,快龙进化石,快龍進化石
メガニウムナイト,Meganiumite,Méganiumite,Meganienit,Meganiumite,Meganiumita,메가니움나이트,大竺葵进化石,大竺葵進化石
オーダイルナイト,Feraligite,Aligatueurite,Impergatornit,Feraligatrite,Feraligatrita,장크로다일나이트,大力鳄进化石,大力鱷進化石
エアームドナイト,Skarmorite,Airmurite,Panzaeronit,Skarmorite,Skarmorita,무장조나이트,盔甲鸟进化石,盔甲鳥進化石
ユキメノコナイト,Froslassite,Momartikite,Frosdedjenit,Froslassite,Froslassita,눈여아나이트,雪妖女进化石,雪妖女進化石
エンブオナイト,Emboarite,Roitiflamite,Flambirexonit,Emboarite,Emboarita,염무왕나이트,炎武王进化石,炎武王進化石
ドリュウズナイト,Excadrite,Minotaupite,Stalobornit,Excadrillite,Excadrillita,몰드류나이트,龙头地鼠进化石,龍頭地鼠進化石
ペンドラナイト,Scolipite,Brutapodite,Cerapendranit,Scolipedite,Scolipedita,펜드라나이트,蜈蚣王进化石,蜈蚣王進化石
ズルズキナイト,Scraftinite,Baggaïdite,Irokexonit,Scraftite,Scraftita,곤율거니나이트,头巾混混进化石,頭巾混混進化石
シビルドナイト,Eelektrossite,Ohmassacrite,Zapplarangonit,Eelektrossite,Eelektrossita,저리더프나이트,麻麻鳗鱼王进化石,麻麻鰻魚王進化石
シャンデラナイト,Chandelurite,Lugulabrite,Skelabranit,Chandelurite,Chandelurita,샹델라나이트,水晶灯火灵进化石,水晶燈火靈進化石
ブリガロナイト,Chesnaughtite,Blindépiquite,Brigaronit,Chesnaughtite,Chesnaughtita,브리가론나이트,布里卡隆进化石,布里卡隆進化石
マフォクシナイト,Delphoxite,Goupelinite,Fennexisnit,Delphoxite,Delphoxita,마폭시나이트,妖火红狐进化石,妖火紅狐進化石
ゲッコウガナイト,Greninjite,Amphinolite,Quajutsunit,Greninjite,Greninjanita,개굴닌자나이트,甲贺忍蛙进化石,甲賀忍蛙進化石
カエンジシナイト,Pyroarite,Néméliosite,Pyroleonit,Pyroarite,Pyroarita,화염레오나이트,火炎狮进化石,火炎獅進化石
フラエッテナイト,Floettite,Floettite,Floetteonit,Floettite,Floettita,플라엣테나이트,花叶蒂进化石,花葉蒂進化石
カラマネナイト,Malamarite,Sepiatrocite,Calamaneronit,Malamarite,Malamarita,칼라마네로나이트,乌贼王进化石,烏賊王進化石
ガメノデスナイト,Barbaracite,Golgopathite,Thanathoranit,Barbaraclite,Barbaraclita,거북손데스나이트,龟足巨铠进化石,龜足巨鎧進化石
ドラミドナイト,Dragalgite,Kravarekite,Tandraknit,Dragalgite,Dragalgita,드래캄나이트,毒藻龙进化石,毒藻龍進化石
ルチャブルナイト,Hawluchanite,Brutalibrite,Resladeronit,Hawluchanite,Hawluchanita,루차불나이트,摔角鹰人进化石,摔角鷹人進化石
ジガルデナイト,Zygardite,Zygardite,Zygardenit,Zygardite,Zygardita,지가르데나이트,基格尔德进化石,基格爾德進化石
ジジーロナイト,Drampanite,Draïeulite,Sen-Longnit,Drampite,Drampanita,할비롱나이트,老翁龙进化石,老翁龍進化石
タイレーツナイト,Falinksite,Hexadronite,Legiosnit,Falinksite,Falinksita,대여르나이트,列阵兵进化石,列陣兵進化石
ライチュウナイトX,Raichunite X,Raichunite X,Raichunit X,Raichunite X,Raichunita X,라이츄나이트X,雷丘进化石X,雷丘進化石X
ライチュウナイトY,Raichunite Y,Raichunite Y,Raichunit Y,Raichunite Y,Raichunita Y,라이츄나이트Y,雷丘进化石Y,雷丘進化石Y
チリーンナイト,Chimechite,Éokoite,Palimpalimnit,Chimechite,Chimechita,치렁나이트,风铃铃进化石,風鈴鈴進化石
アブソルナイトZ,Abosolite Z,Abosolite Z,Abosolnit Z,Abosolite Z,Abosolita Z,앱솔나이트Z,阿勃梭鲁进化石Z,阿勃梭魯進化石Z
ムクホークナイト,Staraptite,Étouraptorite,Staraptornit,Staraptorite,Staraptorita,찌르호크나이트,姆克鹰进化石,姆克鷹進化石
ルカリオナイトZ,Lucarionite Z,Lucarite Z,Lucarionit Z,Lucarite Z,Lucarita Z,눈설왕나이트Z,路卡利欧进化石Z,路卡利歐進化石Z
ヒードラナイト,Heatranite,Heatranite,Heatranit,Heatranite,Heatranita,히드런나이트,席多蓝恩进化石,席多藍恩進化石
ダークライナイト,Darkranite,Darkraïte,Darkrainit,Darkraite,Darkrainita,다크라이나이트,达克莱伊进化石,達克萊伊進化石
ゴルーグナイト,Golurkite,Golemastokite,Golgantesnit,Golurkite,Golurkita,골루그나이트,泥偶巨人进化石,泥偶巨人進化石
ニャオニクスナイト,Meowsticite,Psiaugonit,Mistigrixite,Meowsticite,Meowsticita,냐오닉스나이트,超能妙喵进化石,超能妙喵進化石
ケケンカニナイト,Crabominite,Crabominablite,Krawellonit,Crabominablite,Crabominablita,모단단게나이트,好胜毛蟹进化石,好勝毛蟹進化石
グソクムシャナイト,Golisopite,Sarmuraïte,Tectassnit,Golisopodite,Golisopodita,갑주무사나이트,具甲武者进化石,具甲武者進化石
マギアナイト,Magearnite,Magearnite,Magearnanit,Magearnite,Magearnita,마기아나이트,玛机雅娜进化石,瑪機雅娜進化石
ゼラオラナイト,Zeraorite,Zeraorite,Zeraoranit,Zeraorite,Zeraoranita,제라오라나이트,捷拉奥拉进化石,捷拉奧拉進化石
スコヴィラナイト,Scovillainite,Scovilainite,Halupenjonit,Scovillainite,Scovillainita,스코빌런나이트,狠辣椒进化石,狠辣椒進化石
キラフロルナイト,Glimmoranite,Floréclatite,Lumifloranit,Glimmorite,Glimmoranita,킬라플로르나이트,晶光花进化石,晶光花進化石
シャリタツナイト,Tatsugirinite,Nigirigonite,Nigiraginit,Tatsugirite,Tatsugirita,싸리용나이트,米立龙进化石,米立龍進化石
セグレイブナイト,Baxcalibrite,Glaivodite,Espinodonit,Baxcaliburite,Baxcaliburita,드닐레이브나이트,戟脊龙进化石,戟脊龍進化石
ノーマルZ,Normalium Z,Normazélite,Normium Z,Normium Z,Normastal Z,노말Z,一般Z,
ホノオZ,Firium Z,Pyrozélite,Pyrium Z,Pirium Z,Pirostal Z,불꽃Z,火Z,
ミズZ,Waterium Z,Aquazélite,Aquium Z,Idrium Z,Hidrostal Z,물Z,水Z,
デンキZ,Electrium Z,Voltazélite,Voltium Z,Electrium Z,Electrostal Z,전기Z,电Z,電Z
クサZ,Grassium Z,Florazélite,Botanium Z,Herbium Z,Fitostal Z,풀Z,草Z,
コオリZ,Icium Z,Cryozélite,Glacium Z,Glacium Z,Criostal Z,얼음Z,冰Z,
カクトウZ,Fightinium Z,Combazélite,Battalium Z,Luctium Z,Lizastal Z,격투Z,格斗Z,格鬥Z
ドクZ,Poisonium Z,Toxizélite,Toxium Z,Venenium Z,Toxistal Z,독Z,毒Z,
ジメンZ,Groundium Z,Terrazélite,Terrium Z,Terrium Z,Geostal Z,땅Z,地面Z,
ヒコウZ,Flyinium Z,Aérozélite,Aerium Z,Volantium Z,Aerostal Z,비행Z,飞行Z,飛行Z
エスパーZ,Psychium Z,Psychézélite,Psium Z,Psychium Z,Psicostal Z,에스퍼Z,超能力Z,
ムシZ,Buginium Z,Insectozélite,Insectium Z,Insectium Z,Insectostal Z,벌레Z,虫Z,蟲Z
イワZ,Rockium Z,Rocazélite,Petrium Z,Petrium Z,Litostal Z,바위Z,岩石Z,
ゴーストZ,Ghostium Z,Spectrozélite,Phantomium Z,Spectrium Z,Espectrostal Z,고스트Z,幽灵Z,幽靈Z
ドラゴンZ,Dragonium Z,Dracozélite,Dracium Z,Draconium Z,Dracostal Z,드개곤Z,龙Z,龍Z
アクZ,Darkinium Z,Ténébrozélite,Noctium Z,Obscurium Z,Nictostal Z,악Z,恶Z,惡Z
ハガネZ,Steelium Z,Métallozélite,MetalliumZ,MetalliumZ,Metalostal Z,강철Z,钢Z,鋼Z
フェアリーZ,Fairium Z,Nymphézélite,Sylphium Z,Follectium Z,Feeristal Z,페어리Z,妖精Z,
ピカチュウZ,Pikanium Z,Pikazélite,Pikachium Z,Pikacium Z,Pikastal Z,피카츄Z,皮卡丘Z,
サトピカZ,Pikashunium Z,Pikachazélite,Ash-Pikachium Z,Ashpikacium Z,Ash-Pikastal Z,지우피카Z,智皮卡Z,
アロライZ,Aloraichium Z,Aloraïzélite,A-Raichunium Z,Aloraicium Z,Alo-Raistal Z,알로라이Z,阿罗雷Z,阿羅雷Z
イーブイZ,Eevium Z,Évolizélite,Evolium Z,Eevium Z,Eeveestal Z,이브이Z,伊布Z,
カビゴンZ,Snorlium Z,Ronflézélite,Relaxonium Z,Snorlactium Z,Snorlastal Z,잠만보Z,卡比兽Z,卡比獸Z
ミュウZ,Mewnium Z,Mewzélite,Mewnium Z,Mewnium Z,Mewstal Z,뮤Z,梦幻Z,夢幻Z
ジュナイパーZ,Decidium Z,Archézélite,Silvarronium Z,Deciduenium Z,Dueyestal Z,모크나이퍼Z,狙射树枭Z,狙射樹梟Z
ガオガエンZ,Incinium Z,Félinozélite,Fuegronium Z,Incineronium Z,Incinostal Z,어흥염Z,炽焰咆哮虎Z,熾焰咆哮虎Z
アシレーヌZ,Primarium Z,Oratozélite,Primarenium Z,Primarinium Z,Primastal Z,누리레느Z,西狮海壬Z,西獅海壬Z
カプZ,Tapunium Z,Tokozélite,Kapium Z,Tapium Z,Tapistal Z,카푸Z,卡璞Z,
マーシャドーZ,Marshadium Z,Marshadozélite,Marshadownium Z,Marshadium Z,Marshastal Z,마샤도Z,玛夏多Z,瑪夏多Z
ソルガレオZ,Solganium Z,Solgazélite,Solgalium Z,Solgaleium Z,Solgaleostal Z,솔가레오Z,索尔迦雷欧Z,索爾迦雷歐Z
ルナアーラZ,Lunalium Z,Lunazélite,Lunalium Z,Lunalium Z,Lunalastal Z,루나아라Z,露奈雅拉Z,露奈雅拉Z
ウルトラネクロZ,Ultranecrozium Z,Ultranécrozélite,Ultranecronium Z,Ultranecrozium Z,Ultranecrostal Z,울트라네크로Z,究极奈克洛Z,究極奈克洛Z
ミミッキュZ,Mimikium Z,Mimiquizélite,Mimigmium Z,Mimikyum Z,Mimikyustal Z,따라큐Z,谜拟QZ,謎擬QZ
ルガルガンZ,Lycanium Z,Lougarozélite,Wolwerockium Z,Lycanrochium Z,Lycanrostal Z,루가루암Z,鬃岩狼人Z,鬃岩狼人Z
ジャラランガZ,Kommonium Z,Ékaïzélite,Grandirasium Z,Kommonium Z,Kommostal Z,짜랑고우거Z,杖尾鳞甲龙Z,杖尾鱗甲龍Z
ちいさなキノコ,Tiny Mushroom,Petit Champi,Minipilz,Piccolo Fungo,Mini Seta,작은버섯,小蘑菇,
おおきなキノコ,Big Mushroom,Gros Champi,Riesenpilz,Grande Fungo,Seta Grande,큰버섯,大蘑菇,
しんじゅ,Pearl,Perle,Perle,Perla,Perla,진주,珍珠,
おおきなしんじゅ,Big Pearl,Grande Perle,Riesenperle,Grande Perla,Perla Grande,큰진주,大珍珠,
ほしのすな,Stardust,Poussière Étoile[1],Sternenstaub,Polvostella,Polvoestelar,별의모래,星星沙子,
ほしのかけら,Star Piece,Morceau d'Étoile[2],Sternenstück,Pezzo Stella,Trozo Estrella,별의조각,星星碎片,
きんのはっぱ,Gold Leaf,Feuille D'Or,Goldblatt,Fogliadoro,Hoja Dorada,금빛나뭇잎,金色叶子,金色葉子
ぎんのはっぱ,Silver Leaf,Feuille Arg.,Silberblatt,Fogliargento,Hoja Plata,은빛나뭇잎,银色叶子,銀色葉子
かわらのかけら,Brick Piece,Morc. Brique,Ziegelstein,Mattoncino,Ladrillo,기와조각,,
きんのたま,Nugget,Pepite,Nugget,Pepita,Pepita,금구슬,金珠,
きちょうなホネ,Rare Bone,Os Rare,Steinknochen,Ossopesso,Hueso Raro,귀중한뼈,贵重骨头,貴重骨頭
きれいなハネ,Pretty Wing,Jolie Aile,Prachtfeder,Piumabella,Pluma Bella[3],고운날개,美丽之羽,美麗之羽
かおるキノコ,Balm Mushroom,Champi Suave,Duftpilz,Profumfungo,Seta Aroma,향기버섯,芳香蘑菇,
でかいきんのたま,Big Nugget,Maxi Pépite,Riesennugget,Granpepita,Maxipepita,큰금구슬,巨大金珠,
おだんごしんじゅ,Pearl String,Perle Triple,Triperle,Trittiperla,Sarta Perlas,경단진주,丸子珍珠,
すいせいのかけら,Comet Shard,Morceau Comète[4],Kometstück,Pezzo Cometa,Fragmento Cometa[5],혜성조각,彗星碎片,
こだいのどうか,Relic Copper,Vieux Sou,Alter Heller,Soldantico,Real Cobre,고대의동화,古代铜币,古代銅幣
こだいのぎんか,Relic Silver,Vieil Écu,Alter Taler,Ducatantico,Real Plata,고대의은화,古代银币,古代銀幣
こだいのきんか,Relic Gold,Vieux Ducat,Alter Dukat,Doblonantico,Real Oro,고대의금화,古代金币,古代金幣
こだいのツボ,Relic Vase,Vieux Vase,Alte Vase,Vasantico,Ánfora,고대의항아리,古代之壶,古代之壺
こだいのうでわ,Relic Band,Vieux Bijou,Alter Rief,Bracciantico,Brazal,고대의팔찌,古代手镯,古代手鐲
こだいのせきぞう,Relic Statue,Vieux Santon,Alte Statue,Statuantica,Efi. Antigua,고대의석상,古代石像,
こだいのおうかん,Relic Crown,Vieux Tortil,Alte Krone,Coronantica,Cor. Antigua,고대의왕관,古代王冠,
ポケモンこけし,Pokéshi Doll,Poupée Pokéshi,Pokémon-Kokeshi,Pokékokeshi,Poké Muñeca,포켓몬목각인형,宝可梦木娃娃,寶可夢木娃娃
ちいさなタケノコ,Tiny Bamboo Shoot,Petit Bambou,Minibambusspross,Minibambù,Bambú Pequeño,작은죽순,小竹笋,小竹筍
おおきなタケノコ,Big Bamboo Shoot,Gros Bambou,Riesenbambusspross,Grande bambù,Bambú Grande,큰죽순,大竹笋,大竹筍
はながらメール,Flower Mail,Lettre Fleur,Blumenbrief,Messaggio Fiore,Carta Flor,꽃무늬메일,,
なみのりメール,Surf Mail,Lettre Surf,Surferbrief,Mess. Surf,Carta Surf,파도타기메일,,
みずいろメール,Litebluemail,LetrBleuCiel,Cyanbrief,Mess. Azzurro,Carta Azul,옥빛메일,,
にがおえメール,Portraitmail,LetrPortrait,Portraitbrief,Mess. Ritratto,Cart-Retrato,초상화메일,,
ラブリーメール,Lovely Mail,LetrCharm.,Herzbrief,Mess. Dolce,Carta Amor,러브리메일,,
ブイブイメール,Eon Mail,Lettre Evoli,Anara-Brief,Mess. Eon,Carta Eón,브이브이메일,,
へんしんメール,Morph Mail,Lettre Morph,Morph-Brief,Mess. Morph,Cartmorfosis,변신메일,,
あおぞらメール,Bluesky Mail,LetrCielBleu,Kobaltbrief,Mess. Cielo,Cartaceleste,푸른하늘메일,,
おんぷメール,Music Mail,Lettre Musique,Melodiebrief,Mess. Musica,Carta Música,음표메일,,
まぼろしメール,Mirage Mail,Lettre Mirage,Trugbrief,Mess. Visione,C.Espejismo,환상의메일,,
オレンジメール,Orange Mail,Lettre Oranj,Zigzagbrief,Mess. Agrume,Carta Naranja,,,
ハーバーメール,Harbor Mail,Lettre Port,Hafenbrief,Mess. Porto,Carta Puerto,,,
キラキラメール,Glitter Mail,Lettre Brill,Glitzerbrief,Mess. Luci,Carta Brillo,,,
メカニカルメール,Mech Mail,Lettre Meca,Eilbrief,Mess. Tecno,Carta Imán,,,
ウッディメール,Wood Mail,Lettre Bois,Waldbrief,Mess. Bosco,Carta Madera,,,
クロスメール,Wave Mail,Lettre Vague,Wellenbrief,Mess. Onda,Carta Ola,,,
トレジャーメール,Bead Mail,Lettre Bulle,Perlenbrief,Mess. Perle,Carta Imagen,,,
シャドーメール,Shadow Mail,Lettre Ombre,Dunkelbrief,Mess. Ombra,Carta Sombra,,,
トロピカルメール,Tropic Mail,Lettre Tropi,Tropenbrief,Mess. Tropic,Carta Tropical,,,
ドリームメール,Dream Mail,Lettre Songe,Traumbrief,Mess. Sogno,Carta Sueño,,,
ミラクルメール,Fab Mail,Lettre Cool,Edelbrief,Mess. Fab,Carta Fabulosa,,,
レトロメール,Retro Mail,Lettre Retro,Retrobrief,Mess. Retro,Carta Retro,,,
グラスメール,Grass Mail,Lettre Herbe,Wiesenbrief,Mess. Erba,Carta Hierba,잔디메일,,
フレイムメール,Flame Mail,Lettre Feu,Feuerbrief,Mess. Fiamma,Carta Fuego,플레임메일,,
ブルーメール,Bubble Mail,Lettre Mer,Wasserbrief,Mess. Bolla,Carta Pompas,블루메일,,
ブルームメール,Bloom Mail,Lett. Pétale,Blütenbrief,Mess. Petalo,Carta Flores,블룸메일,,
トンネルメール,Tunnel Mail,Lettre Mine,Minenbrief,Mess. Tunnel,Carta Mina,터널메일,,
スチールメール,Steel Mail,Lettre Acier,Stahlbrief,Mess. Lega,Carta Acero,스틸메일,,
ラブラブメール,Heart Mail,Lettre Coeur,Rosabrief,Mess. Cuore,Car. Corazón,러브러브메일,,
ブリザードメール,Snow Mail,Lettre Neige,Schneebrief,Mess. Neve,Carta Nieve,블리자드메일,,
スペースメール,Space Mail,Lettre Cosmo,Sternbrief,Mess. Spazio,Car. Sideral,스페이스메일,,
エアメール,Air Mail,Lettre Avion,Luftbrief,Mess. Aereo,Carta Aérea,에어메일,,
モザイクメール,Mosaic Mail,Lettremosaik,Mosaikbrief,Mess. Iride,Car. Mosaico,모자이크메일,,
ブリックメール,Brick Mail,Lettre Brik,Ziegelbrief,Mess. Muro,Carta Pared,브릭메일,,
はじめてメール,Greet Mail,Lettre Salut,Grußbrief,Mess. Inizio,C. Inicial,첫메일,,
だいすきメール,Favored Mail,Lettre Fan,Faiblebrief,Mess. TVB,C. Favoritos,애호메일,,
おさそいメール,RSVP Mail,Lettre Invit,Einladebrief,Mess. Invito,C. Invitar,권유메일,,
かんしゃメール,Thanks Mail,Lettre Merci,Dankesbrief,Mess. Grazie,C. Gracias,감사메일,,
しつもんメール,Inquiry Mail,Let. Demande,Fragebrief,Mess. Chiedi,C. Pregunta,질문메일,,
おすすめメール,Like Mail,Lettre Avis,Insiderbrief,Mess. Sugg.,C. Gustos,추천메일,,
おかえしメール,Reply Mail,Let. Réponse,Rückbrief,Mess. Risp.,C. Respuesta,답장메일,,
ブリッジメールS,BridgeMail S,Lettre PontS,Brückbrief H,Mess. Frec.,C. Puente S,브리지메일S,,
ブリッジメールH,BridgeMail D,Lettre PontY,Brückbrief M,Mess. Libec.,C. Puente F,브리지메일M,,
ブリッジメールC,BridgeMail T,Lettre PontF,Brückbrief Z,Mess. Prop.,C. Puente A,브리지메일C,,
ブリッジメールV,BridgeMail V,Lettre PontH,Brückbrief D,Mess. Vill.,C. Puente V,브리지메일V,,
ブリッジメールW,BridgeMail M,Lettre PontI,Brückbrief W,Mess. Merav.,C. Puente P,브리지메일W,,
エフェクトガード,Guard Spec.,Defense Spec,Megablock,Superguardia,Protec. Esp.,이펙트가드,能力防守,
クリティカット,Dire Hit,Muscle +,Angriffplus,Supercolpo,Directo,크리티컬커터,要害攻击,
プラスパワー,X Attack,Attaque +,X-Angriff,Attacco X,Ataque X,플러스파워,力量强化,
ディフェンダー,X Defend,Defense +,X-Abwehr,Difesa X,Defensa X,디펜드업,防御强化,
スピーダー,X Speed,Vitesse +,X-Tempo,Velocità X,Velocidad X,스피드업,速度强化,
ヨクアタール,X Accuracy,Precision +,X-Treffer,Precisione X,Precisión X,잘-맞히기,命中强化,
スペシャルアップ,X Special,Special +,X-Spezial,Special X,Especial X,스페셜업,特攻强化,
スペシャルガード,X Sp. Def,Def. Spé. +,X-SpezialVer,Dif. Sp. X,Def. Esp. X,스페셜가드,特防强化,
ピッピにんぎょう,Poké Doll,Poképoupee,Poképuppe,Pokébambola,Poké Muñeco,삐삐인형,皮皮玩偶,
エネコのシッポ,Fluffy Tail,Queue Skitty,Eneco-Rute,Coda Skitty,Cola Skitty,에나비꼬리,向尾喵的尾巴,
あおいビードロ,Blue Flute,Flute Bleue,Blaue Flöte,Flauto Blu,Flauta Azul,파랑비드로,蓝色玻璃哨,藍色玻璃哨
きいろビードロ,Yellow Flute,Flute Jaune,Gelbe Flöte,Flauto Giallo,Flauta Amarilla,노랑비드로,黄色玻璃哨,黃色玻璃哨
あかいビードロ,Red Flute,Flute Rouge,Rote Flöte,Flauto Rosso,Flauta Roja,빨강비드로,红色玻璃哨,紅色玻璃哨
ポケじゃらし,Poké Toy,Poképlumet,Pokéwedel,Pokégingillo,Pokéseñuelo,포켓풀,宝可尾草,寶可尾草
スキルコール,Ability Urge,Appel CapSpé,Fäh.-Appell,Chiamabilità,Habilitador,스킬콜,,
アイテムドロップ,Item Drop,Jette Objet,Itemabwurf,Lascioggetto,Tiraobjeto,아이템드롭,,
アイテムコール,Item Urge,Appel Objet,Itemappell,Chiamoggetto,Activaobjeto,아이템콜,,
フラットコール,Reset Urge,Réamorçage,Umkehrappell,Ripristino,Quitaestado,플랫콜,,
ビビリだま,Adrenaline Orb,Orbe Frousse,Zitterorb,Fifasfera,Nerviosfera,주눅구슬,胆怯球,膽怯球
おうえんポン,Roto Boost,Moti-Soutien,Statuswertebon,Stat’n’roll,Cupón Refuerzo,응원캡슐토이,加油碰碰,加油碰碰
つかまえポン,Roto Catch,Moti-Capture,Fangbon,Acchiappa’n’roll,Cupón Captura,잡기캡슐토이,捕捉碰碰,捕捉碰碰
ダイキノコ,Max Mushrooms,Maxi Champi,Dyna-Pilz,Fungomax,Maxiseta,다이버섯,极巨菇菇,極巨菇菇
キズぐすり,Potion,Potion,Trank,Pozione,Poción,상처약,伤药,傷藥
どくけし,Antidote,Antidote,Gegengift,Antidoto,Antídoto,해독제,解毒药,解毒藥
やけどなおし,Burn Heal,Anti-Brûle,Feuerheiler,Antiscottatura,Antiquemar,화상치료제,灼伤药,灼傷藥
こおりなおし,Ice Heal,Antigel,Eisheiler,Antigelo,Antihielo,얼음상태치료제,解冻药,解凍藥
ねむけざまし,Awakening,Reveil,Aufwecker,Sveglia,Despertar,잠깨는약,解眠药,解眠藥
まひなおし,Parlyz Heal,Anti-Para,Para-Heiler,Antiparalisi,Antiparalizador*,마비치료제,解麻药,解麻藥
かいふくのくすり,Full Restore,Guerison,Top-Genesung,Ricarica Totale,Restaurar Todo*,회복약,全复药,全復藥
まんたんのくすり,Max Potion,Potion Max,Top-Trank,Pozione Max,Máxima Poción,풀회복약,全满药,全滿藥
すごいキズぐすり,Hyper Potion,Hyper Potion,Hypertrank,Iperpozione,Hiperpoción*,고급상처약,厉害伤药,厲害傷藥
いいキズぐすり,Super Potion,Super Potion,Supertrank,Super Pozione,Superpoción*,좋은상처약,好伤药,好傷藥
なんでもなおし,Full Heal,Total Soin,Hyperheiler,Cura Totale,Cura Total,만병통치약,万灵药,萬靈藥
げんきのかけら,Revive,Rappel,Beleber,Revitalizzante,Revivir,기력의조각,活力碎片,
げんきのかたまり,Max Revive,Rappel Max,Top-Beleber,Revitalizzante Max,Revivir Máximo*,기력의덩어리,活力块,活力塊
おいしいみず,Fresh Water,Eau Fraiche,Tafelwasser,Acqua Fresca,Agua Fresca,맛있는물,美味之水,
サイコソーダ,Soda Pop,Soda Cool,Sprudel,Gazzosa,Refresco,미네랄사이다,劲爽汽水,勁爽汽水
ミックスオレ,Lemonade,Limonade,Limonade,Lemonsucco,Limonada,후르츠밀크,果汁牛奶,
ピーピーエイド,Ether,Huile,Äther,Etere,Éter,PP에이드,PP单项小补剂,PP單項小補劑
ピーピーリカバー,Max Ether,Huile Max,Top-Äther,Etere Max,Éter Máximo,PP회복,PP单项全补剂,PP單項全補劑
ピーピーエイダー,Elixir,Elixir,Elixier,Elisir,Elixir,PP에이더,PP多项小补剂,PP多項小補劑
ピーピーマックス,Max Elixir,Max Elixir,Top-Elixier,Elisir Max,Elixir Máximo,PP맥스,PP多项全补剂,PP多項全補劑
モーモーミルク,Moomoo Milk,Lait Meumeu,Kuhmuh-Milch,Latte Mumu,Leche Mu-Mu,튼튼밀크,哞哞鲜奶,哞哞鮮奶
ちからのこな,Energy Powder,Poudrénergie,Energiestaub,Polvenergia,Polvo Energía*,힘의가루,元气粉,元氣粉
ちからのねっこ,Energy Root,Racinénergie,Kraftwurzel,Radicenergia,Raíz Energía,힘의뿌리,元气根,元氣根
ばんのうごな,Heal Powder,Poudre Soin,Heilpuder,Polvocura,Polvo Curación,만능가루,万能粉,萬能粉
ふっかつそう,Revival Herb,Herbe Rappel,Vitalkraut,Vitalerba,Hierba Revivir,부활 초,复活草,復活草
せいなるはい,Sacred Ash,Cendresacrée,Zauberasche,Magicenere,Ceniza Sagrada,성스러운분말,圣灰,聖灰
いかりまんじゅう,Rage Candy Bar,Bonbon Rage,Wutkeks,Iramella,Caramelo Furia*,분노의호두과자,愤怒馒头,憤怒饅頭
フエンせんべい,Lava Cookie,Lava Cookie,Lavakeks,Lavottino,Galleta Lava,용암전병,釜炎仙贝,釜炎仙貝
きのみジュース,Berry Juice,Jus De Baie,Beerensaft,Succo di Bacca,Zumo de Baya,나무열매쥬스,树果汁,樹果汁
ふしぎなアメ,Rare Candy,Super Bonbon,Sonderbonbon,Caramella Rara,Carameloraro,이상한사탕,神奇糖果,
ポイントアップ,PP Up,PP Plus,AP-Plus,PP-Su,Más PP,포인트 업,PP提升剂,PP提升劑
ポイントマックス,PP Max,PP Max,AP-Top,PP-Max,PP Máximos*,포인트 맥스,PP极限提升剂,PP極限提升劑
もりのヨウカン,Old Gateau,Vieux Gâteau,Spezialität,Dolce Gateau,Barrita Plus,숲의양갱,森之羊羹,
ハートスイーツ,Sweet Heart,Chococœur,Herzkonfekt,Dolcecuore,Corazón Dulce*,하트스위트,心形甜点,心形甜點
ヒウンアイス,Casteliacone,Glace Volute,Stratos-Eis,Conostropoli,Porcehelado,구름아이스,飞云冰淇淋,飛雲冰淇淋
ミアレガレット,Lumiose Galette,Galette Illumis,Illumina-Galette,Pan di Lumi,Crêpe Luminalia,미르갈레트,密阿雷格雷派饼,密阿雷格雷派餅
シャラサブレ,Shalour Sable,Sablé Yantreizh,Yantara-Sablé,Yantafrollino,Galleta Yantra,사라사블레,娑罗沙布蕾,娑羅沙布蕾
おおきいマラサダ,Big Malasada,Malasada Maxi,Maxi-Malasada,Malasada maxi,Malasada Maxi,큰 말라사다,大马拉萨达,大馬拉薩達
HPかいふくポン,Roto HP Restore,Moti-Récup' PV,KP-Bon,PS'n'roll,Cupón PS,HP회복캡슐토이,HP回复碰碰,HP回复碰碰
PPかいふくポン,Roto PP Restore,Moti-Récup' PP,AP-Bon,PP'n'roll,Cupón PP,PP회복캡슐토이,PP回复碰碰,PP回复碰碰
ニビあられ,Pewter Crunchies,Crok'Argenta,Marmoria-Kräcker,Plumbeosalatini,Rokikos,회색강정,深灰米果,深灰米果
ダイミツ,Max Honey,Maxi Miel,Dyna-Honig,Mielemax,Maxipanal,다이꿀,极巨甜蜜,極巨甜蜜
コトブキマフィン,Jubilife Muffin,Rusti-Muffin,Jubelmuffin,Muffin Giubilo,Bizcocho Jubileo,축복머핀,祝庆玛芬,祝慶瑪芬
カンポーやく,Remedy,Remède,Arznei,Preparato,Remedio,한방약,中药,中藥
いいカンポーやく,Fine Remedy,Super Remède,Superarznei,Preparato buono,Superremedio,좋은한방약,好中药,好中藥
すごいカンポーやく,Superb Remedy,Hyper Remède,Hyperarznei,Preparato ottimo,Hiperremedio,고급한방약,厉害中药,厲害中藥
カナリィパン,Canari Bread,Pain Narica,Canary-Brot,Pan di Canary,Leche Mu-Mu,카나리빵,卡娜莉面包,卡娜莉麵包
あらびきヴルスト,Sausages,Saucisses,Würstchen,Salsicce,Salchichas,탱글탱글부어스트,粗绞肉香肠,粗絞肉香腸
ボブのかんづめ,Bob's Food Tin,Conserve de Bob,Pauls Feinkost,Lattina Gustavo,Lata de Darren,밥의통조림,饱伯罐头,飽伯罐頭
バックのかんづめ,Bach's Food Tin,Conserve de Bach,Bachs Feinkost,Scatoletta Bach,Lata de Bach,바크의통조림,巴哈罐头,巴哈罐頭
マメかん,Tin of Beans,Haricots,Dosenbohnen,Lattina fagioli,Lata de Habas,콩통조림,豆子罐头,豆子罐頭
しょくパン,Bread,Pain de Mie,Toastbrot,Pan carré,Pan de Molde,식빵,吐司面包,吐司麵包
パスタ,Pasta,Pâtes,Spaghetti,Pasta,Pasta,파스타,通心粉,通心麵
キノコパック,Mixed Mushrooms,Champignons,Pilzmix,Funghi,Setas,버섯팩,袋装蕈菇,袋裝蕈菇
しっぽのくんせい,Smoke-Poke Tail,Queue Fumée,Röstrute,Coda affumicata,Cola Ahumada,꼬리훈제,烟熏尾巴,煙燻尾巴
ふといながねぎ,Large Leek,Gros Poireau,Dicker Lauch,Grosso porro,Puerro Grueso,굵은대파,粗枝大葱,粗枝大蔥
とくせんリンゴ,Fancy Apple,Pomme Juteuse,Luxusapfel,Mela prelibata,Manzana Selecta,특선사과,特选苹果,特選蘋果
かぼそいホネ,Brittle Bones,Os à Moelle,Feine Knochen,Ossi sottili,Huesos Finos,가느다란뼈,细骨,細骨
ポテトパック,Pack of Potatoes,Pommes de Terre,Kartoffeln,Patate,Patatas,포테이토팩,袋装土豆,袋裝洋芋
みずべのハーブ,Pungent Root,Tubercule,Uferkraut,Erbe acquatiche,Hierba Intensa,물가허브팩,水边香草,水邊香草
やさいパック,Salad Mix,Légumes,Gemüse,Verdure,Verduras,채소팩,袋装蔬菜,袋裝蔬菜
フライもりあわせ,Fried Food,Fritures,Frittiertes,Fritto misto,Frituras,모둠튀김,炸物拼盘,炸物拼盤
ゆでタマゴ,Boiled Egg,Œuf Dur,Gekochtes Ei,Uovo sodo,Huevo Duro,삶은알,水煮蛋,
フサパック,Fruit Bunch,Fruits,Früchte,Frutti,Fruta Tropical,송이팩,袋装果实,袋裝果實
モーモーチーズ,Moomoo Cheese,Fromage Meumeu,Kuhmuh-Käse,Formaggio Mumu,Queso Mu-mu,튼튼치즈,哞哞乳酪,
スパイスセット,Spice Mix,Épices,Gewürzmix,Spezie assortite,Especias,스파이스세트,香料组合,香料組合
しんせんクリーム,Fresh Cream,Crème Fraîche,Frische Sahne,Panna da cucina,Nata Fresca,신선한크림,鲜鲜奶油,鮮鮮奶油
レトルトカレー,Packaged Curry,Curry Instantané,Fertigcurry,Curry precotto,Curri de Bote,레토르트카레,即食咖喱,
ヤシのミルク,Coconut Milk,Lait de Coco,Kokosmilch,Latte di cocco,Leche de Coco,야자밀크,椰奶,
レトルトめん,Instant Noodles,Nouilles,Fertignudeln,Noodle precotti,Fideos de Bote,레토르트면,即食面,即食麵
レトルトバーグ,Precooked Burger,Steak Haché,Frikadellen,Hamburger,Hamburguesas,레토르트햄버그,即食肉排,
キョダイパウダー,Gigantamix,Poudre Gigamax,Giga-Pulver,Gigaspezia,Especias Gigamax,거대파우더,超极粉,超極粉
マヨネーズ,Mayonnaise,Mayonnaise,Mayonnaise,Maionese,Mayonesa,마요네즈,蛋黄酱,美乃滋
ケチャップ,Ketchup,Ketchup,Ketchup,Ketchup,Kétchup,케첩,番茄酱,番茄醬
マスタード,Mustard,Moutarde,Senf,Senape,Mostaza,머스터드,黄芥末酱,黃芥末醬
バター,Butter,Beurre,Butter,Burro,Mantequilla,버터,黄油,奶油
ピーナッツバター,Peanut Butter,Beurre de Cacahuètes,Erdnussbutter,Burro di arachidi,Crema de cacahuete,땅콩버터,花生酱,花生醬
チリソース,Chili Sauce,Sauce Piquante,Chilisoße,Salsa piccante,Salsa picante,칠리소스,辣酱,辣醬
ソルト,Salt,Sel,Salz,Sale,Sal,소금,盐,鹽
ペッパー,Pepper,Poivre,Pfeffer,Pepe,Pimienta,후추,胡椒,胡椒
ヨーグルト,Yogurt,Yaourt,Joghurt,Yogurt,Yogur,요구르트,酸奶,優格
ホイップクリーム,Whipped Cream,Crème Fouettée,Schlagsahne,Panna montata,Nata montada,휘핑크림,鲜奶油,鮮奶油
クリームチーズ,Cream Cheese,Fromage Frais,Frischkäse,Formaggio cremoso,Queso crema,크림치즈,奶油芝士,奶油起司
ベリージャム,Jam,Confiture de Baies,Beerenkonfitüre,Confettura di bosco,Confitura de bayas,베리잼,莓果酱,莓果醬
マーマレード,Marmalade,Marmelade,Marmelade,Marmellata,Mermelada,마멀레이드,橘子酱,橘子醬
オリーブオイル,Olive Oil,Huile d'Olive,Olivenöl,Olio d'oliva,Aceite de Oliva,올리브오일,橄榄油,橄欖油
ビネガー,Vinegar,Vinaigre,Essig,Aceto,Vinagre,비니거,醋,醋
ひでん:あまスパイス,Sweet Herba Mystica,Épice Secrète Sucrée,Süßes Geheimgewürz,Spezia nascosta dolce,Especia oculta dulce,비전 달콤스파이스,秘传:甜味料,秘傳:甜味料
ひでん:しおスパイス,Salty Herba Mystica,Épice Secrète Salée,Salziges Geheimgewürz,Spezia nascosta salata,Especia oculta salada,비전 짭짤스파이스,秘传:咸味料,秘傳:鹹味料
ひでん:すぱスパイス,Sour Herba Mystica,Épice Secrète Acide,Saures Geheimgewürz,Spezia nascosta aspra,Especia oculta ácida,비전 새콤스파이스,秘传:酸味料,秘傳:酸味料
ひでん:にがスパイス,Bitter Herba Mystica,Épice Secrète Amère,Bitteres Geheimgewürz,Spezia nascosta amara,Especia oculta amarga,비전 쌉쌀스파이스,秘传:苦味料,秘傳:苦味料
ひでん:からスパイス,Spicy Herba Mystica,Épice Secrète Corsée,Scharfes Geheimgewürz,Spezia nascosta pepata,Especia oculta picante,비전 매콤스파이스,秘传:辣味料,秘傳:辣味料
ホースラディッシュ,Horseradish,Raifort,Meerrettich,Rafano,Rábano picante,호스래디시,辣根,辣根
カレーパウダー,Curry Powder,Curry en Poudre,Currypulver,Curry in polvere,Curri en polvo,카레파우더,咖喱粉,咖哩粉
ワサビソース,Wasabi,Sauce au Wasabi,Wasabi,Wasabi,Wasabi,와사비소스,芥末酱,芥末醬
レタス,Lettuce,Laitue,Salat,Lattuga,Lechuga,양상추,生菜,生菜
トマトスライス,Tomato,Tomate,Tomate,Pomodoro,Tomate,토마토슬라이스,番茄片,番茄片
カットミニトマト,Cherry Tomatoes,Tomate Cerise,Mini-Tomate,Pomodorini,Tomate cherri,방울토마토슬라이스,小番茄块,小番茄塊
キュウリスライス,Cucumber,Concombre,Gurke,Cetriolo,Pepino,오이슬라이스,小黄瓜片,小黃瓜片
ピクルススライス,Pickle,Cornichon,Gewürzgurke,Sottaceto,Pepinillo,피클슬라이스,酸黄瓜片,酸黃瓜片
たまねぎスライス,Onion,Oignon,Zwiebel,Cipolla,Cebolla,양파슬라이스,洋葱片,洋蔥片
アーリーレッド,Red Onion,Oignon Rouge,Rote Zwiebel,Cipolla rossa,Cebolla roja,적양파,红洋葱,紅洋蔥
ピーマンスライス,Green Bell Pepper,Poivron Vert,Grüne Paprika,Peperone verde,Pimiento verde,피망슬라이스,青椒片,青椒片
あかパプリカスライス,Red Bell Pepper,Poivron Rouge,Rote Paprika,Peperone rosso,Pimiento rojo,빨간파프리카슬라이스,红椒片,紅椒片
きパプリカスライス,Yellow Bell Pepper,Poivron Jaune,Gelbe Paprika,Peperone giallo,Pimiento amarillo,노란파프리카슬라이스,黄椒片,黃椒片
アボカド,Avocado,Avocat,Avocado,Avocado,Aguacate,아보카도,牛油果,酪梨
やきベーコン,Bacon,Bacon,Gebratener Speck,Pancetta rosolata,Panceta,구운베이컨,煎培根,煎培根
ハムスライス,Ham,Jambon Blanc,Kochschinken,Prosciutto cotto,Jamón cocido,슬라이스햄,火腿片,火腿片
なまハム,Prosciutto,Jambon Cru,Roher Schinken,Prosciutto crudo,Jamón serrano,생햄,生火腿,生火腿
やきチョリソー,Chorizo,Chorizo Grillé,Chorizo,Chorizo rosolato,Chorizo,구운초리조,煎辣香肠,煎辣香腸
ハーブソーセージ,Herbed Sausage,Saucisse aux Herbes,Kräuterwurst,Salsiccia alle erbe,Butifarra,허브소시지,香草香肠,香草香腸
ハンバーグ,Hamburger,Steak Haché,Frikadelle,Hamburger grigliato,Hamburguesa,햄버그,汉堡排,漢堡排
ガケガニスティック,Klawf Stick,Bâtonnet de Craparoi,Klibbe-Stick,Surimi di Klawf,Surimi de Klawf,절벼게맛살,毛崖蟹棒,毛崖蟹棒
スモークきりみ,Smoked Fillet,Filet Fumé,Räucherfilet,Filetto affumicato,Filete ahumado,훈제토막,烟熏鱼片,煙燻魚片
きりみフライ,Fried Fillet,Filet Frit,Frittierfilet,Filetto impanato,Filete frito,튀긴토막,炸鱼片,炸魚片
スライスエッグ,Egg,Œuf,Ei,Uovo bollito,Huevo cocido,에그슬라이스,水煮蛋片,水煮蛋片
トルティージャ,Potato Tortilla,Tortilla,Tortilla,Tortilla,Tortilla,토르티야,烘蛋,烘蛋
トーフ,Tofu,Tofu,Tofu,Tofu,Tofu,두부,豆腐,豆腐
ライス,Rice,Riz,Reis,Riso,Arroz,라이스,米饭,米飯
ヌードル,Noodles,Nouilles,Nudeln,Noodle,Fideos,누들,面条,麵條
ポテトサラダ,Potato Salad,Salade de Patates,Kartoffelsalat,Insalata di patate,Ensaladilla,감자샐러드,土豆沙拉,馬鈴薯沙拉
スライスチーズ,Cheese,Fromage,Scheibenkäse,Formaggio,Queso,슬라이스치즈,芝士片,起司片
バナナスライス,Banana,Banane,Banane,Banana,Plátano,바나나슬라이스,香蕉片,香蕉片
いちごスライス,Strawberry,Fraise,Erdbeere,Fragola,Fresa,딸기슬라이스,草莓片,草莓片
わぎりリンゴ,Apple,Pomme,Apfel,Mela,Manzana,사과슬라이스,苹果片,蘋果片
わぎりキウイ,Kiwi,Kiwi,Kiwi,Kiwi,Kiwi,키위슬라이스,奇异果片,奇異果片
カットパイン,Pineapple,Ananas,Ananas,Ananas,Piña,파인애플슬라이스,凤梨片,鳳梨片
ハラペーニョ,Jalapeño,Piment,Jalapeño,Jalapeño,Jalapeño,할라페뇨,小辣椒,小辣椒
クレソン,Watercress,Cresson,Kresse,Crescione,Berros,물냉이,豆瓣菜,豆瓣菜
バジル,Basil,Basilic,Basilikum,Basilico,Albahaca,바질,罗勒,羅勒
ゴールドピック,Gold Pick,Pique Dorée,Gold-Pikser,Stecchino oro,Palillo Dorado,골드 픽,金色三明治签,金色三明治籤
シルバーピック,Silver Pick,Pique Argentée,Silber-Pikser,Stecchino argento,Palillo Plateado,실버 픽,银色三明治签,銀色三明治籤
あかいはたピック,Red-Flag Pick,Pique à Fanion Rouge,Rotfahnen-Pikser,Bandierina rossa,Palillo Bandera Roja,빨강 깃발 픽,红旗子三明治签,紅旗子三明治籤
あおいはたピック,Blue-Flag Pick,Pique à Fanion Bleu,Blaufahnen-Pikser,Bandierina blu,Palillo Bandera Azul,파랑 깃발 픽,蓝旗子三明治签,藍旗子三明治籤
ピカピカピック,Pika-Pika Pick,Pique Pikapika,Pikapika-Pikser,Stecchino Pikachu,Palillo Pikachu,피카피카 픽,皮卡丘三明治签,皮卡丘三明治籤
パチピカピック,Winking Pika Pick,Pique à Chu Fripon,Zwinker-Pika-Pikser,Stecchino pikapika,Palillo Pikaguiño,윙크피카 픽,眨眼皮卡丘三明治签,眨眼皮卡丘三明治籤
ブイブイピック,Vee-Vee Pick,Pique Volivoli,Volivoli-Pikser,Stecchino Eevee,Palillo Eevee,브이브이 픽,伊布三明治签,伊布三明治籤
ニコブイピック,Smiling Vee Pick,Pique Évo Rit,Kicher-Voli-Pikser,Stecchino veevee,Palillo Eevee Feliz,방긋브이 픽,笑脸伊布三明治签,笑臉伊布三明治籤
あおボールピック,Blue Poké Ball Pick,Pique à Ball Bleue,Blauball-Pikser,Stecchino Ball blu,Palillo Ball Azul,파랑 볼 픽,蓝珠珠三明治签,藍珠珠三明治籤
みどりボールピック,Green Poké Ball Pick,Pique à Ball Verte,Grünball-Pikser,Stecchino Ball verde,Palillo Ball Verde,초록 볼 픽,绿珠珠三明治签,綠珠珠三明治籤
あかボールピック,Red Poké Ball Pick,Pique à Ball Rouge,Rotball-Pikser,Stecchino Ball rosso,Palillo Ball Roja,빨강 볼 픽,红珠珠三明治签,紅珠珠三明治籤
おいわいはなびピック,Party Sparkler Pick,Pique Feu d'Artifice,Wunderkerzen-Pikser,Stecchino scintille,Palillo Bengala,축하 폭죽 픽,烟花祝庆三明治签,煙火祝慶三明治籤
ゆうしゃのけんピック,Heroic Sword Pick,Pique Épée du Héros,Heldenschwert-Pikser,Stecchino spadone,Palillo Heroico,용사의 검 픽,勇者之剑三明治签,勇者之劍三明治籤
マジカルスターピック,Magical Star Pick,Pique Étoile Magique,Zauberstern-Pikser,Stecchino magistella,Palillo Estrella,매지컬 스타 픽,魔法星星三明治签,魔法星星三明治籤
マジカルハートピック,Magical Heart Pick,Pique Cœur Magique,Zauberherz-Pikser,Stecchino magicuore,Palillo Corazón,매지컬 하트 픽,魔法甜心三明治签,魔法甜心三明治籤
パラソルピック,Parasol Pick,Pique Parasol,Schirmchen-Pikser,Ombrellino,Palillo Sombrilla,파라솔 픽,阳伞三明治签,陽傘三明治籤
あおぞらおはなピック,Blue-Sky Flower Pick,Pique Fleur d'Azur,Mittagsblumen-Pikser,Stecchino fiore blu,Palillo Flor Azul,푸른하늘 꽃 픽,晴空花三明治签,晴空花三明治籤
ゆうやけおはなピック,Sunset Flower Pick,Pique Fleur du Ponant,Abendblumen-Pikser,Stecchino fiore arancio,Palillo Flor Naranja,저녁노을 꽃 픽,夕阳花三明治签,夕陽花三明治籤
あさやけおはなピック,Sunrise Flower Pick,Pique Fleur du Levant,Morgenblumen-Pikser,Stecchino fiore rosso,Palillo Flor Rosa,아침노을 꽃 픽,朝霞花三明治签,朝霞花三明治籤
むしよけスプレー,Repel,Repousse,Schutz,Repellente,Repelente,벌레회피스프레이,除虫喷雾,除蟲噴霧
シルバースプレー,Super Repel,Superepousse,Superschutz,Superrepellente,Superrepelente*,실버스프레이,白银喷雾,白銀噴霧
ゴールドスプレー,Max Repel,Max Repousse,Top-Schutz,Repellente Max,Máximo Repelente*,골드스프레이,黄金喷雾,黃金噴霧
あなぬけのヒモ,Escape Rope,Corde Sortie,Fluchtseil,Fune Di Fuga,Cuerda Huida,동굴탈출로프,离洞绳,離洞繩
マックスアップ,HP Up,PV Plus,KP-Plus,PS-Su,Más PS,맥스업,HP增强剂,HP增強劑
タウリン,Protein,Proteine,Protein,Proteina,Proteína*,타우린,攻击增强剂,攻擊增強劑
ブロムヘキシン,Iron,Fer,Eisen,Ferro,Hierro,사포닌,防御增强剂,防禦增強劑
リゾチウム,Calcium,Calcium,Kalzium,Calcio,Calcio,리보플라빈,特攻增强剂,特攻增強劑
キトサン,Zinc,Zinc,Zink,Zinco,Zinc,키토산,特防增强剂,特防增強劑
インドメタシン,Carbos,Carbone,Carbon,Carburante,Carburante,알칼로이드,速度增强剂,速度增強劑
たいりょくのハネ,Health Wing,Aile Santé,Heilfeder,Piumsalute,Pluma Vigor*,체력날개,体力之羽,體力之羽
きんりょくのハネ,Muscle Wing,Aile Force,Kraftfeder,Piumpotenza,Pluma Músculo*,근력날개,肌力之羽,
ていこうのハネ,Resist Wing,Aile Armure,Abwehrfeder,Piumtutela,Pluma Aguante*,저항력날개,抵抗之羽,
ちりょくのハネ,Genius Wing,Aile Esprit,Geniefeder,Piumingegno,Pluma Intelecto*,지력날개,智力之羽,
せいしんのハネ,Clever Wing,Aile Mental,Espritfeder,Piumintuito,Pluma Mente*,정신력날개,精神之羽,
しゅんぱつのハネ,Swift Wing,Aile Sprint,Flinkfeder,Piumreazione,Pluma Ímpetu*,순발력날개,瞬发之羽,瞬發之羽
くろいビードロ,Black Flute,Flute Noire,Schw. Flöte,Flauto Nero,Flauta Negra,검정비드로,黑色玻璃哨,
しろいビードロ,White Flute,Fluteblanche,Weisse Flöte,Flauto Bianco,Flauta Blanca,하양비드로,白色玻璃哨,
あさせのしお,Shoal Salt,Sel Trefonds,Küstensalz,Sale Ondoso,Sal Cardumen,여울소금,浅滩海盐,淺灘海鹽
あさせのかいがら,Shoal Shell,Co. Trefonds,Küstenschale,Gusciondoso,Concha Cardumen,여울조개껍질,浅滩贝壳,淺灘貝殼
ハートのウロコ,Heart Scale,Écaille Cœur,Herzschuppe,Squama Cuore,Escama Corazón,하트비늘,心之鳞片,
あかいかけら,Red Shard,Tesson Rouge,Purpurstück,Coccio Rosso,Parte Roja,빨강조각,紅色碎片,红色碎片
あおいかけら,Blue Shard,Tesson Bleu,Indigostück,Coccio Blu,Parte Azul,파랑조각,蓝色碎片,藍色碎片
きいろいかけら,Yellow Shard,Tesson Jaune,Gelbstück,Coccio Giallo,Parte Amarilla,노랑조각,黄色碎片,黃色碎片
みどりのかけら,Green Shard,Tesson Vert,Grünstück,Coccio Verde,Parte Verde,초록조각,绿色碎片,綠色碎片
がくしゅうそうち,Exp. Share,Multi Exp,EP-Teiler,Distrib Esp.,Repartir Exp.,학습장치,学习装置,學習裝置
きのはこ,Normal Box,Coffre Normal,Schachtel,Scat. Normale,Caja Normal,나무상자,,
きりのはこ,Gorgeous Box,Coffre Luxe,Schatulle,Scat. Lusso,Caja Grande,오동나무상자,,
おいしいシッポ,SlowpokeTail,QueueRamolos,Flegmonrute,CodaSlowpoke,Colaslowpoke,맛있는꼬리,美味尾巴,
あまいミツ,Honey,Miel,Honig,Miele,Miel,달콤한꿀,甜甜蜜,
ときのふえ,Time Flute,Flûte du Temps,Zeitflöte,Flauto Tempo,Fl. Tiempo,--,时之笛,
ポケまんま,Poké Snack,Poké Snack,Pokésnack,Poké Snack,Poké Dulce,--,,
すくすくこやし,Growth Mulch,Fertipousse,Wachsmulch,Fertilrapido,Abono Rápido,무럭무럭비료,速速肥,
じめじめこやし,Damp Mulch,Fertihumide,Feuchtmulch,Fertilidro,Abono Lento,축축이비료,湿湿肥,濕濕肥
ながながこやし,Stable Mulch,Fertistable,Stabilmulch,Fertilsaldo,Abono Fijador,오래오래비료,久久肥,
ねばねばこやし,Gooey Mulch,Fertiglu,Neumulch,Fertilcolla,Abono Brote,끈적끈적비료,粘粘肥,黏黏肥
ねっこのカセキ,Root Fossil,Fossile Racine*,Wurzelfossil,Radifossile,Fósil Raíz,뿌리화석,根状化石,根狀化石
ツメのカセキ,Claw Fossil,Fossile Griffe*,Klauenfossil,Fossilunghia,Fósil Garra,발톱화석,爪子化石,
かいのカセキ,Helix Fossil,Fossile Nautile,Helixfossil,Helixfossile,Fósil Helix,조개화석,贝壳化石,貝殼化石
こうらのカセキ,Dome Fossil,Fossile Dôme,Domfossil,Domofossile,Fósil Domo,껍질화석,甲壳化石,甲殼化石
ひみつのコハク,Old Amber,Vieil Ambre,Altbernstein,Ambra Antica,Ambar Viejo,비밀의호박,秘密琥珀,
たてのカセキ,Armor Fossil,Fossile Armure*,Panzerfossil,Fossilscudo,Fósil Coraza,방패의화석,盾甲化石,
ずがいのカセキ,Skull Fossil,Fossile Crâne*,Kopffossil,Fossilcranio,Fósil Cráneo,두개의화석,头盖化石,頭蓋化石
かなめいし,Odd Keystone,Clé de Voûte,Spiritkern,Roccianima,P. Espíritu,쐐기돌,楔石,
ふたのカセキ,Cover Fossil,Fossile Plaque*,Schildfossil,Fossiltappo,Fósil Tapa,덮개화석,背盖化石,背蓋化石
はねのカセキ,Plume Fossil,Fossile Plume*,Federfossil,Fossilpiuma,Fósil Pluma,날개화석,羽毛化石,
デルダマ,Pass Orb,Offrisphère,Transferorb,Passabilia,Regalosfera,딜구슬,释出之玉,釋出之玉
とくせいカプセル,Ability Capsule,Pilule Talent,Fähigkeiten-Kapsel,Capsula Abilità,Cáps. Habilidad,특성캡슐,特性胶囊,特性膠囊
たわわこやし,Rich Mulch,Fertibondance,Sprießmulch,Fertilflorido,Abono Fértil,주렁주렁비료,硕果肥,碩果肥
びっくりこやし,Surprise Mulch,Fertistantané,Wundermulch,Fertilsorpresa,Abono Sorpresa,깜놀비료,吃惊肥,吃驚肥
ぐんぐんこやし,Boost Mulch,Fertibérance,Wuchermulch,Fertilcopioso,Abono Fructífero,부쩍부쩍비료,劲劲肥,勁勁肥
とんでもこやし,Amaze Mulch,Fertiprodige,Ultramulch,Fertilprodigio,Abono Insólito,기절초풍비료,超效肥,
バーゲンチケット,Discount Coupon,Bon Réduction,Rabattmarke,Buono sconto,Vale Descuento,바겐세일티켓,折价券,折價券
ふしぎなおきもの,Strange Souvenir,Bibelot Bizarre,Skurriloskulptur,Strano ninnolo,Estatuilla Rara,이상한장식품,神秘摆设,神秘擺設
アゴのカセキ,Jaw Fossil,Fossile Mâchoire,Kieferfossil,Fossilmascella,Fósil Mandíbula,턱화석,颚之化石,顎之化石
ヒレのカセキ,Sail Fossil,Fossile Nageoire,Flossenfossil,Fossilpinna,Fósil Aleta,지느러미화석,鳍之化石,鰭之化石
やまぶきのミツ,Yellow Nectar,Nectar Jaune,Gelber Nektar,Nettare giallo,Néctar Amarillo,진노랑꿀,金黄色花蜜,金黃色花蜜
うすもものミツ,Pink Nectar,Nectar Rose,Rosa Nektar,Nettare rosa,Néctar Rosa,연분홍꿀,桃粉色花蜜,
くれないのミツ,Red Nectar,Nectar Rouge,Roter Nektar,Nettare rosso,Néctar Rojo,다홍꿀,朱红色花蜜,朱紅色花蜜
むらさきのミツ,Purple Nectar,Nectar Mauve,Purpurner Nektar,Nettare viola,Néctar Violeta,보라꿀,兰紫色花蜜,蘭紫色花蜜
フェスチケット,Festival Ticket,Festicket,Festival-Ticket,Festicket,Festicupón,페스티켓,圆庆票,圓慶票
きんのおうかん,Gold Bottle Cap,Capsule d'Or,Goldkronkorken,Tappo d'oro,Chapa Dorada,금왕관,金色王冠,
ぎんのおうかん,Bottle Cap,Capsule d'Argent,Silberkronkorken,Tappo d'argento,Chapa Plateada,은왕관,银色王冠,銀色王冠
タマゴふかポン,Roto Hatch,Moti-Couveuse,Brutbon,Cova’n’roll,Cupón Eclosión,알부화캡슐토이,孵蛋碰碰,孵蛋碰碰
やすうりポン,Roto Bargain,Moti-Promo,Schnäppchenbon,Sconto’n’roll,Cupón Rebaja,할인캡슐토이,优惠碰碰,優惠碰碰
おこづかいポン,Roto Prize Money,Moti-Magot,Preisgeldbon,Soldi’n’roll,Cupón Botín,용돈캡슐토이,零花钱碰碰,零用錢碰碰
けいけんポン,Roto Exp. Points,Moti-Exp,EP-Bon,Esp’n’roll,Cupón Exp,경험캡슐토이,经验碰碰,經驗碰碰
なつきポン,Roto Friendship,Moti-Cœur,Freundschaftsbon,Affetto’n’roll,Cupón Amistad,친밀도캡슐토이,亲密碰碰,親密碰碰
みっけポン,Roto Encounter,Moti-Appât,Lockbon,Incontra’n’roll,Cupón Reclamo,발견캡슐토이,相遇碰碰,相遇碰碰
かくれポン,Roto Stealth,Moti-Camouflage,Schutzbon,Repelle’n’roll,Cupón Sigilo,숨기캡슐토이,隐身碰碰,隱身碰碰
むしよせコロン,Lure,Parfum,Lockparfüm,Profumo invito,Colonia,벌레유인코롱,引虫香水,引蟲香水
シルバーコロン,Super Lure,Super Parfum,Super-Lockparfüm,Superprofumo,Supercolonia,실버코롱,白银香水,白銀香水
ゴールドコロン,Max Lure,Parfum Max,Top-Lockparfüm,Profumo Max,Colonia Máxima,골드코롱,黄金香水,黃金香水
ぎんのズリのみ,Silver Razz Berry,Baie Framby argentée,Silberne Himmihbeere,Baccalampon argentata,Baya Frambu Plateada,은 라즈열매,银色蔓莓果,銀色蔓莓果
きんのズリのみ,Golden Razz Berry,Baie Framby dorée,Goldene Himmihbeere,Baccalampon dorata,Baya Frambu Dorada,황금 라즈열매,金色蔓莓果,金色蔓莓果
ぎんのナナのみ,Silver Nanab Berry,Baie Nanab argentée,Silberne Nanabbeere,Baccabana argentata,Baya Latano Plateada,은 나나열매,银色蕉香果,銀色蕉香果
きんのナナのみ,Golden Nanab Berry,Baie Nanab dorée,Goldene Nanabbeere,Baccabana dorata,Baya Latano Dorada,황금 나나열매,金色蕉香果,金色蕉香果
ぎんのパイルのみ,Silver Pinap Berry,Baie Nanana argentée,Silberne Sananabeere,Baccananas argentata,Baya Pinia Plateada,은 파인열매,银色凰梨果,銀色凰梨果
きんのパイルのみ,Golden Pinap Berry,Baie Nanana dorée,Goldene Sananabeere,Baccananas dorata,Baya Pinia Dorada,황금 파인열매,金色凰梨果,金色凰梨果
うみべのガラス,Beach Glass,Galet de Verre,Strandscherbe,Vetro marino,Cristal Marino,바닷가유리,海边的玻璃,海邊的玻璃
かたっぽピアス,Lone Earring,Boucle d'Oreille,Ohrring,Orecchino,Pendiente,한쪽귀고리,一边的耳环,一邊的耳環
このはのおてがみ,Leaf Letter,Lettre Végétale,Blattbrief,Foglialettera,Hoja Escrita,나뭇잎편지,树叶信,樹葉信
ちいさなはなたば,Small Bouquet,Petit Bouquet,Ministrauß,Bouquet,Ramo Pequeño,작은꽃다발,小小花束,小小花束
チョークいし,Chalky Stone,Craie,Kreidestein,Gessetto,Tiza,초크돌,粉笔石,粉筆石
なんごくかいがら,Tropical Shell,Coquille du Sud,Tropenmuschel,Tropiconchiglia,Concha Tropical,트로피컬조개껍질,南国贝壳,南國貝殼
のびたバネ,Stretchy Spring,Ressort Détendu,Spiralfeder,Molla elastica,Muelle Estirado,늘어난용수철,松掉的弹簧,鬆掉的彈簧
ビーだま,Marble,Bille,Glasmurmel,Biglia,Canica,유리구슬,弹珠,彈珠
ピカピカだんご,Polished Mud Ball,Boulette de Boue,Glanzkugel,Pallina di fango,Bola de Arcilla,반짝반짝경단,光滑泥球,光滑泥球
ねがいのかたまり,Wishing Piece,Morceau Vœu,Wunschbrocken,Desioblocco,Trozo Deseo,소원의덩어리,许愿星块,許願星塊
ダイクリスタル,Dynamax Crystal,Cristal Géant,Dynakristall,Dynacristallo,Cristal Dinamax,다이크리스탈,极巨结晶,極巨結晶
ダイマックスアメ,Dynamax Candy,Bonbon Dynamax,Dynamax-Bonbon,Caram. Dynamax,Caramelo Dinamax,다이맥스사탕,极巨糖果,極巨糖果
けいけんアメXS,Exp. Candy XS,Bonbon Exp. XS,EP-Bonbon XS,Caram. Esp. XS,Caramelo Exp. XS,경험사탕XS,经验糖果XS,經驗糖果XS
けいけんアメS,Exp. Candy S,Bonbon Exp. S,EP-Bonbon S,Caram. Esp. S,Caramelo Exp. S,경험사탕S,经验糖果S,經驗糖果S
けいけんアメM,Exp. Candy M,Bonbon Exp. M,EP-Bonbon M,Caram. Esp. M,Caramelo Exp. M,경험사탕M,经验糖果M,經驗糖果M
けいけんアメL,Exp. Candy L,Bonbon Exp. L,EP-Bonbon L,Caram. Esp. L,Caramelo Exp. L,경험사탕L,经验糖果L,經驗糖果L
けいけんアメXL,Exp. Candy XL,Bonbon Exp. XL,EP-Bonbon XL,Caram. Esp. XL,Caramelo Exp. XL,경험사탕XL,经验糖果XL,經驗糖果XL
さみしがりミント,Lonely Mint,Aromate Solo,Solo-Minze,Menta Schiva,Menta Huraña,외로움민트,怕寂寞薄荷,
いじっぱりミント,Adamant Mint,Aromate Rigide,Hart-Minze,Menta Decisa,Menta Firme,고집민트,固执薄荷,固執薄荷
やんちゃミント,Naughty Mint,Aromate Mauvais,Frech-Minze,Menta Birbona,Menta Pícara,개구쟁이민트,顽皮薄荷,頑皮薄荷
ゆうかんミント,Brave Mint,Aromate Brave,Mutig-Minze,Menta Audace,Menta Audaz,용감민트,勇敢薄荷,
ずぶといミント,Bold Mint,Aromate Assuré,Kühn-Minze,Menta Sicura,Menta Osada,대담민트,大胆薄荷,大膽薄荷
わんぱくミント,Impish Mint,Aromate Malin,Pfiffig-Minze,Menta Scaltra,Menta Agitada,장난꾸러기민트,淘气薄荷,淘氣薄荷
のうてんきミント,Lax Mint,Aromate Lâche,Lasch-Minze,Menta Fiacca,Menta Floja,촐랑민트,乐天薄荷,樂天薄荷
のんきミント,Relaxed Mint,Aromate Relax,Locker-Minze,Menta Placida,Menta Plácida,무사태평민트,悠闲薄荷,悠閒薄荷
ひかえめミント,Modest Mint,Aromate Modeste,Mäßig-Minze,Menta Modesta,Menta Modesta,조심민트,内敛薄荷,內斂薄荷
おっとりミント,Mild Mint,Aromate Doux,Mild-Minze,Menta Mite,Menta Afable,의젓민트,慢吞吞薄荷,
うっかりやミント,Rash Mint,Aromate Foufou,Hitzig-Minze,Menta Ardente,Menta Alocada,덜렁민트,马虎薄荷,馬虎薄荷
れいせいミント,Quiet Mint,Aromate Discret,Ruhig-Minze,Menta Quieta,Menta Mansa,냉정민트,冷静薄荷,冷靜薄荷
おだやかミント,Calm Mint,Aromate Calme,Still-Minze,Menta Calma,Menta Serena,차분민트,温和薄荷,溫和薄荷
おとなしいミント,Gentle Mint,Aromate Gentil,Zart-Minze,Menta Gentile,Menta Amable,얌전민트,温顺薄荷,溫順薄荷
しんちょうミント,Careful Mint,Aromate Prudent,Sacht-Minze,Menta Cauta,Menta Cauta,신중민트,慎重薄荷,
なまいきミント,Sassy Mint,Aromate Malpoli,Forsch-Minze,Menta Vivace,Menta Grosera,건방민트,自大薄荷,
おくびょうミント,Timid Mint,Aromate Timide,Scheu-Minze,Menta Timida,Menta Miedosa,겁쟁이민트,胆小薄荷,膽小薄荷
せっかちミント,Hasty Mint,Aromate Pressé,Hastig-Minze,Menta Lesta,Menta Activa,성급민트,急躁薄荷,
ようきミント,Jolly Mint,Aromate Jovial,Froh-Minze,Menta Allegra,Menta Alegre,명랑민트,爽朗薄荷,
むじゃきミント,Naive Mint,Aromate Naïf,Naiv-Minze,Menta Ingenua,Menta Ingenua,천진난만민트,天真薄荷,
まじめミント,Serious Mint,Aromate Sérieux,Ernst-Minze,Menta Seria,Menta Seria,성실민트,认真薄荷,認真薄荷
カセキのトリ,Fossilized Bird,Fossile Oiseau,Vogelfossil,Ornitofossile,Ornitofósil,화석새,化石鸟,化石鳥
カセキのサカナ,Fossilized Fish,Fossile Poisson,Fischfossil,Ittiofossile,Ictiofósil,화석물고기,化石鱼,化石魚
カセキのリュウ,Fossilized Drake,Fossile Dragon,Drachenfossil,Dracofossile,Dracofósil,화석새,化石龙,化石龍
カセキのクビナガ,Fossilized Dino,Fossile Aileron,Paddelfossil,Plesiofossile,Plesiofósil,화석긴목,化石海兽,化石海獸
ガラナツのえだ,Galarica Twig,Branche Galanoa,Galarnuss-Zweig,Ramo Galarnoce,Rama de Galanuez,가라두구가지,伽勒豆蔻枝,伽勒荳蔻枝
ヨロイこうせき,Armorite Ore,Armurium,Rüstungserz,Rocciarmatura,Duralium,갑옷광석,铠甲矿石,鎧甲礦石
あかぼんぐり,Red Apricorn,Noigrume Rouge,Aprikoko Rot,Ghicocca Rossa,Bonguri Rojo,빨간규토리,红球果,紅球果
あおぼんぐり,Blue Apricorn,Noigrume Bleu,Aprikoko Blu,Ghicocca Blu,Bonguri Azul,파란규토리,蓝球果,藍球果
きぼんぐり,Yellow Apricorn,Noigrume Jaune,Aprikoko Glb,Ghicocca Gialla,Bonguri Amarillo,노랑규토리,黄球果,黃球果
みどぼんぐり,Green Apricorn,Noigrume Vert,Aprikoko Grn,Ghicocca Verde,Bonguri Verde,초록규토리,绿球果,綠球果
ももぼんぐり,Pink Apricorn,Noigrume Rose,Aprikoko Pnk,Ghicocca Rosa,Bonguri Ros,담홍규토리,粉球果,粉球果
しろぼんぐり,White Apricorn,Noigrume Blanc,Aprikoko Wss,Ghicocca Bianca,Bonguri Blanco,하얀규토리,白球果,白球果
くろぼんぐり,Black Apricorn,Noigrume Noir,Aprikoko Swz,Ghicocca Nera,Bonguri Negro,검은규토리,黑球果,黑球果
とくせいパッチ,Ability Patch,Patch Talent,Fähigk.-Pflaster,Cerotto abilità,Parche Habilidad,특성패치,特性膏药,特性膏藥
マックスこうせき,Dynite Ore,Dynamaxium,Dyna-Erz,Rocciamax,Maxinium,맥스광석,极矿石,極礦石
なぞのかけらS,Mysterious Shard S,Éclat Étrange S,Enigmafragment S,Frammento insolito S,Esquirla Extraña S,수수께끼의조각S,谜之碎片S,謎之碎片S
なぞのかけらL,Mysterious Shard L,Éclat Étrange L,Enigmafragment L,Frammento insolito L,Esquirla Extraña L,수수께끼의조각L,谜之碎片L,謎之碎片L
みちびきのせきばん,Discovery Slate,Tablette Guides,Weisungsplatte,Piastra degli esordi,Losa Inicio,인도의석판,引导石板,引導石板
ジョウトのせきばん,Johto Slate,Tablette Johto,Johto-Platte,Piastra di Johto,Losa Johto,성도의석판,城都石板,城都石板
カントーのせきばん,Kanto Slate,Tablette Kanto,Kanto-Platte,Piastra di Kanto,Losa Kanto,관동의석판,关都石板,關都石板
こころのせきばん,Soul Slate,Tablette Cœur,Gefühlsplatte,Piastra del cuore,Losa Empatía,마음의석판,心之石板,心之石板
にじのせきばん,Rainbow Slate,Tablette Arc-en-ciel,Regenbogenplatte,Piastra arcobaleno,Losa Arcoíris,무지개의석판,彩虹石板,彩虹石板
あらしのせきばん,Squall Slate,Tablette Tempête,Sturmplatte,Piastra dei venti,Losa Tormenta,폭풍의석판,暴风石板,暴風石板
たいかいのせきばん,Oceanic Slate,Tablette Océans,Meeresplatte,Piastra dei mari,Losa Mar,대해의석판,大海石板,大海石板
たいりくのせきばん,Tectonic Slate,Tablette Continents,Kontinentplatte,Piastra delle terre,Losa Tierra,대륙의석판,大陆石板,大陸石板
てんくうのせきばん,Stratospheric Slate,Tablette Cieux,Himmelsplatte,Piastra dei cieli,Losa Cielo,천공의석판,天空石板,天空石板
いでんしのせきばん,Genome Slate,Tablette Génétique,Genplatte,Piastra del gene,Losa Genética,유전자의석판,基因石板,基因石板
やぶれたせきばん,Distortion Slate,Tablette Distorsion,Zerrplatte,Piastra distorta,Losa Distorsión,깨어진석판,毁坏石板,毀壞石板
せめのがんやく,Aux Power,Offensive Extra,Offensivvitamine,Offensiva extra,Gragea Ofensiva,공격의환약,进攻药丸,進攻藥丸
まもりのがんやく,Aux Guard,Défense Extra,Defensivvitamine,Difensiva extra,Gragea Defensiva,방어의환약,防守药丸,防守藥丸
ヨクアタラーヌ,Aux Evasion,Esquive Extra,Ausweichvitamine,Elusione X,Gragea Evasiva,잘-안맞기,闪避强化,閃避強化
マルチアップ,Aux Powerguard,Double Extra,Kombivitamine,Multi extra,Gragea Multi,멀티업,多重强化,多重強化
こだわりちまき,Choice Dumpling,Papillote Choix,Wahlreishappen,Involtoscelta,Aperitivo Elección,구애잎사귀떡,讲究粽,講究粽
にばいづけ,Twice-Spiced Radish,Bouchée Double,Doppelrettich,Doppiaceto,Encurtidoble,두배절임,双倍腌菜,雙倍醃菜
あべこべやき,Swap Snack,En-cas Contraire,Umkehrbratling,Invertigratin,Bocadito Inversión,뒤바뀜구이,颠倒烧,顛倒燒
ひそやかスプレー,Stealth Spray,Solution Furtive,Schleichspray,Furtivizzante,Aerosol Sigilo,살금살금스프레이,匿声喷雾,匿聲噴霧
キノコよせだま,Mushroom Cake,Appât Toumou,Pilzköder,Polpetta funghi,Cebo de Setas,버섯유인환,菇诱团,菇誘糰
ミツよせだま,Honey Cake,Appât Kibrille,Honigköder,Polpetta miele,Cebo Meloso,꿀유인환,蜜诱团,蜜誘糰
イナホよせだま,Grain Cake,Appât Zélé,Reisköder,Polpetta spighe,Cebo de Grano,이삭유인환,谷诱团,穀誘糰
マメよせだま,Bean Cake,Appât Dodu,Bohnenköder,Polpetta fagioli,Cebo de Habas,콩유인환,豆诱团,豆誘糰
ミネラルよせだま,Salt Cake,Appât Rochedur,Mineralköder,Polpetta minerale,Cebo Mineral,미네랄유인환,矿诱团,礦誘糰
めかくしだま,Smoke Bomb,Bombe Aveuglante,Rauchkugel,Palla orba,Bola Humareda,눈속임환,烟弹,煙彈
ばりばりだま,Scatter Bang,Sachet Pétarade,Knallkugel,Scoppiosfera,Bola Ruidosa,팡팡환,声弹,聲彈
ねばりだま,Sticky Glob,Boule Gluante,Klebkugel,Sfera viscosa,Bola Pegajosa,끈끈환,黏丸,黏丸
どろだんご,Ball of Mud,Boule de Boue,Lehmball,Palla di fango,Bola de Lodo,진흙경단,泥丸,泥丸
むしくいぼんぐり,Spoiled Apricorn,Noigrume Rongé,Löchrige Aprikoko,Ghicocca bacata,Bonguri Pocho,벌레먹은규토리,蛀球果,蛀球果
ゆきだま,Snowball,Boule de Neige,Schneeball,Palla di neve,Bola de Nieve,눈덩이,雪丸,雪丸
もちもちキノコ,Springy Mushroom,Champi Toumou,Zähpilz,Fungo gommoso,Seta Esponjosa,쫄깃쫄깃버섯,糯糯菇,糯糯菇
きらきらミツ,Dazzling Honey,Miel Kibrille,Funkelhonig,Miele luccicante,Miel Brillante,반짝반짝꿀,晶晶蜜,晶晶蜜
いきいきイナホ,Hearty Grains,Riz Zélé,Munterreis,Spiga rigogliosa,Espiga Vivaz,싱싱이삭,旺旺谷,旺旺穀
ころころマメ,Plump Beans,Fève Dodue,Kullerbohne,Fagiolo paffuto,Haba Suculenta,통통콩,滚滚豆,滾滾豆
ごりごりミネラル,Crunchy Salt,Sel Rochedur,Knirschmineral,Minerale duro,Mineral Crocante,단단미네랄,坚坚矿,堅堅礦
ぼんぐりのみ,Apricorn,Noigrume,Aprikoko,Bacca ghicocca,Bonguri,규토리열매,球果果,球果果
たまいし,Tumblestone,Galet,Glanzstein,Ciottolo,Guijarro Rojo,옥돌,玉石,玉石
くろいろたまいし,Black Tumblestone,Galet Noir,Schwarzglanzstein,Ciottolo nero,Guijarro Negro,검은옥돌,黑玉石,黑玉石
そらいろたまいし,Sky Tumblestone,Galet Azur,Azurglanzstein,Ciottolo celeste,Guijarro Celeste,하늘색옥돌,天蓝玉石,天藍玉石
てつのかけら,Iron Chunk,Fragment de Fer,Eisenbrocken,Pezzo di ferro,Pepita de Hierro,철조각,碎铁,碎鐵
カゲブンシメジ,Doppel Bonnets,Champinja,Flinkling,Doppioteamillo,Seta Evasiva,그림자분신버섯,影分菇,影分菇
キュウショウロ,Direshroom,Champiscoto,Volltrefferling,Colpogone,Seta Crítica,급소버섯,要害松露,要害松露
キングリーフ,King's Leaf,Herbe Souveraine,Königsblatt,Foglia regina,Hierba Regia,킹리프,皇叶,皇葉
クスリソウ,Medicinal Leek,Soignon,Fitlauch,Porro officinale,Puerro Medicinal,약초,疗草,療草
ケムリイモ,Sootfoot Root,Rutabagaz,Rauchknolle,Patata fumosa,Fumibulbo,연기토란,烟芋,煙芋
ゲンキノツボミ,Vivichoke,Bourgeon Vivace,Vitalknospe,Revitalboccio,Revibrote,기력의봉오리,活力蕾,活力蕾
スイートトリュフ,Candy Truffle,Truffe Sucrée,Süßtrüffel,Tartufo dolce,Trufa Dulce,스위트러플,甜松露,甜松露
スナハマダイコン,Sand Radish,Radis des Plages,Strandrettich,Rafano costiero,Rábano Arenero,모래해변무,沙滩萝卜,沙灘蘿蔔
タマゼンマイ,Caster Fern,Feuille Ronde,Rundblatt,Felcetonda,Helecho Rizado,둥근고비,弹子萁,彈子萁
ツルギマイタケ,Swordcap,Fortichampi,Schwertling,Danzaspaditola,Seta Espada,칼춤버섯,剑舞菇,劍舞菇
テッペキクラゲ,Iron Barktongue,Carapachampi,Schildling,Ferroscudino,Seta Férrea,철벽버섯,铁壁木耳,鐵壁木耳
バリバリモ,Pop Pod,Pétaralgue,Knallmoos,Scoppiettalga,Marimo Ruidoso,팡팡마리모,惊声藻,驚聲藻
ピーピーグサ,Pep-Up Plant,Plante PP,Ätherkraut,Erba PP,Hierba Éter,PP풀,PP草,PP草
ムシヨケソウ,Bugwort,Plante Répulsive,Schutzblume,Erba repellente,Hierba Repelente,벌레회피풀,除虫草,除蟲草
もくざい,Wood,Bois,Holz,Legno,Madera,목재,木材,木材
よせだまのもと,Cake-Lure Base,Appâte,Köderteig,Polpetta base,Masa para Cebo,유인환반죽,诱团原料,誘糰原料
ガンバリのすな,Grit Dust,Sable Effort,Leistungssand,Sabbia impegno,Polvo Esfuerzo,노력의모래,奋斗沙,奮鬥沙
ガンバリのじゃり,Grit Gravel,Cailloux Effort,Leistungskies,Ghiaia impegno,Grava Esfuerzo,노력의자갈,奋斗砾,奮鬥礫
ガンバリのいし,Grit Pebble,Pierre Effort,Leistungsstein,Pietra impegno,Piedra Esfuerzo,노력의돌,奋斗石,奮鬥石
ガンバリのいわ,Grit Rock,Rocher Effort,Leistungsfels,Roccia impegno,Roca Esfuerzo,노력의바위,奋斗岩,奮鬥岩
かいでんのタネ,Seed of Mastery,Graine Maîtrise,Meistersamen,Seme padronanza,Semilla Dominio,숙달의씨,精通种子,精通種子
みがわりおまもり1,Tempting Charm R,Remplamulette 1,Wahrungstalisman 1,Amuleto Sostituto 1,Amuleto Sustituto 1,대타부적1,替身护符1,替身護符1
みがわりおまもり2,Tempting Charm B,Remplamulette 2,Wahrungstalisman 2,Amuleto Sostituto 2,Amuleto Sustituto 2,대타부적2,替身护符2,替身護符2
みがわりおまもり3,Tempting Charm P,Remplamulette 3,Wahrungstalisman 3,Amuleto Sostituto 3,Amuleto Sustituto 3,대타부적3,替身护符3,替身護符3
みがわりおまもり4,Tempting Charm T,Remplamulette 4,Wahrungstalisman 4,Amuleto Sostituto 4,Amuleto Sustituto 4,대타부적4,替身护符4,替身護符4
みがわりおまもり5,Tempting Charm Y,Remplamulette 5,Wahrungstalisman 5,Amuleto Sostituto 5,Amuleto Sustituto 5,대타부적5,替身护符5,替身護符5
あんぜんおまもり1,Survival Charm R,Enduramulette 1,Schutztalisman 1,Amuleto tutela 1,Amuleto Protector 1,안전부적1,安全护符1,安全護符1
あんぜんおまもり2,Survival Charm B,Enduramulette 2,Schutztalisman 2,Amuleto tutela 2,Amuleto Protector 2,안전부적2,安全护符2,安全護符2
あんぜんおまもり3,Survival Charm P,Enduramulette 3,Schutztalisman 3,Amuleto tutela 3,Amuleto Protector 3,안전부적3,安全护符3,安全護符3
あんぜんおまもり4,Survival Charm T,Enduramulette 4,Schutztalisman 4,Amuleto tutela 4,Amuleto Protector 4,안전부적4,安全护符4,安全護符4
あんぜんおまもり5,Survival Charm Y,Enduramulette 5,Schutztalisman 5,Amuleto tutela 5,Amuleto Protector 5,안전부적5,安全护符5,安全護符5
けんこうおまもり1,Warding Charm R,Zenamulette 1,Statustalisman 1,Amuleto salute 1,Amuleto Salud 1,건강부적1,健康护符1,健康護符1
けんこうおまもり2,Warding Charm B,Zenamulette 2,Statustalisman 2,Amuleto salute 2,Amuleto Salud 2,건강부적2,健康护符2,健康護符2
けんこうおまもり3,Warding Charm P,Zenamulette 3,Statustalisman 3,Amuleto salute 3,Amuleto Salud 3,건강부적3,健康护符3,健康護符3
けんこうおまもり4,Warding Charm T,Zenamulette 4,Statustalisman 4,Amuleto salute 4,Amuleto Salud 4,건강부적4,健康护符4,健康護符4
けんこうおまもり5,Warding Charm Y,Zenamulette 5,Statustalisman 5,Amuleto salute 5,Amuleto Salud 5,건강부적5,健康护符5,健康護符5
かしらのしるし,Leader's Crest,Emblème du Général,Anführersymbol,Simbolo del capo,Distintivo de Líder,대장의징표,头领凭证,頭領憑證
テラピースノーマル,Normal Tera Shard,Téra-Éclat Normal,Tera-Stück (Normal),Teralite Normale,Teralito Normal,테라피스 노말,一般太晶碎块,一般太晶碎塊
テラピースほのお,Fire Tera Shard,Téra-Éclat Feu,Tera-Stück (Feuer),Teralite Fuoco,Teralito Fuego,테라피스 불꽃,火太晶碎块,火太晶碎塊
テラピースみず,Water Tera Shard,Téra-Éclat Eau,Tera-Stück (Wasser),Teralite Acqua,Teralito Agua,테라피스 물,水太晶碎块,水太晶碎塊
テラピースくさ,Grass Tera Shard,Téra-Éclat Plante,Tera-Stück (Pflanze),Teralite Erba,Teralito Planta,테라피스 풀,草太晶碎块,草太晶碎塊
テラピースでんき,Electric Tera Shard,Téra-Éclat Électrik,Tera-Stück (Elektro),Teralite Elettro,Teralito Eléctrico,테라피스 전기,电太晶碎块,電太晶碎塊
テラピースこおり,Ice Tera Shard,Téra-Éclat Glace,Tera-Stück (Eis),Teralite Ghiaccio,Teralito Hielo,테라피스 얼음,冰太晶碎块,冰太晶碎塊
テラピースかくとう,Fighting Tera Shard,Téra-Éclat Combat,Tera-Stück (Kampf),Teralite Lotta,Teralito Lucha,테라피스 격투,格斗太晶碎块,格鬥太晶碎塊
テラピースどく,Poison Tera Shard,Téra-Éclat Poison,Tera-Stück (Gift),Teralite Veleno,Teralito Veneno,테라피스 독,毒太晶碎块,毒太晶碎塊
テラピースじめん,Ground Tera Shard,Téra-Éclat Sol,Tera-Stück (Boden),Teralite Terra,Teralito Tierra,테라피스 땅,地面太晶碎块,地面太晶碎塊
テラピースひこう,Flying Tera Shard,Téra-Éclat Vol,Tera-Stück (Flug),Teralite Volante,Teralito Volador,테라피스 비행,飞行太晶碎块,飛行太晶碎塊
テラピースエスパー,Psychic Tera Shard,Téra-Éclat Psy,Tera-Stück (Psycho),Teralite Psico,Teralito Psíquico,테라피스 에스퍼,超能力太晶碎块,超能力太晶碎塊
テラピースむし,Bug Tera Shard,Téra-Éclat Insecte,Tera-Stück (Käfer),Teralite Coleottero,Teralito Bicho,테라피스 벌레,虫太晶碎块,蟲太晶碎塊
テラピースいわ,Rock Tera Shard,Téra-Éclat Roche,Tera-Stück (Gestein),Teralite Roccia,Teralito Roca,테라피스 바위,岩石太晶碎块,岩石太晶碎塊
テラピースゴースト,Ghost Tera Shard,Téra-Éclat Spectre,Tera-Stück (Geist),Teralite Spettro,Teralito Fantasma,테라피스 고스트,幽灵太晶碎块,幽靈太晶碎塊
テラピースドラゴン,Dragon Tera Shard,Téra-Éclat Dragon,Tera-Stück (Drache),Teralite Drago,Teralito Dragón,테라피스 드래곤,龙太晶碎块,龍太晶碎塊
テラピースあく,Dark Tera Shard,Téra-Éclat Ténèbres,Tera-Stück (Unlicht),Teralite Buio,Teralito Siniestro,테라피스 악,恶太晶碎块,惡太晶碎塊
テラピースはがね,Steel Tera Shard,Téra-Éclat Acier,Tera-Stück (Stahl),Teralite Acciaio,Teralito Acero,테라피스 강철,钢太晶碎块,鋼太晶碎塊
テラピースフェアリー,Fairy Tera Shard,Téra-Éclat Fée,Tera-Stück (Fee),Teralite Folletto,Teralito Hada,테라피스 페어리,妖精太晶碎块,妖精太晶碎塊
テラピースステラ,Stellar Tera Shard,Téra-Éclat Stellaire,Tera-Stück (Stellar),Teralite Astrale,Teralito Astral,테라피스 스텔라,星晶太晶碎块,星晶太晶碎塊
たいりょくのもち,Health Mochi,Mochi Santé,Heil-Mochi,Mochi della salute,Mochi Vigor,체력떡,体力粘糕,體力糬
きんりょくのもち,Muscle Mochi,Mochi Force,Kraft-Mochi,Mochi della potenza,Mochi Músculo,근력떡,肌力粘糕,肌力糬
ていこうのもち,Resist Mochi,Mochi Armure,Abwehr-Mochi,Mochi della tutela,Mochi Aguante,저항력떡,抵抗粘糕,抵抗糬
ちりょくのもち,Genius Mochi,Mochi Esprit,Genie-Mochi,Mochi dell'ingegno,Mochi Intelecto,지력떡,智力粘糕,智力糬
せいしんのもち,Clever Mochi,Mochi Mental,Esprit-Mochi,Mochi dell'intuito,Mochi Mente,정신력떡,精神粘糕,精神糬
しゅんぱつのもち,Swift Mochi,Mochi Sprint,Flink-Mochi,Mochi della reazione,Mochi Ímpetu,순발력떡,瞬发粘糕,瞬發糬
まっさらもち,Fresh-Start Mochi,Mochi Renouveau,Neuanfangs-Mochi,Mochi del ripristino,Mochis Reinicio,순백떡,净空粘糕,淨空糬
メガカケラ,Mega Shard,Méga-Fragment,Mega-Splitter,Megaframmento,Megaesquirla（スペイン）Megafragmento（ラテンアメリカ）,메가조각,超级碎片,超級碎片
カラフルなネジ,Colorful Screw,Vis Colorée,Bunte Schraube,Vite colorata,Tornillo Colorido,컬러풀한나사,彩色螺丝,彩色螺絲
